,x1,x2,x3
0,1.6177344315381477,-0.04435479976824908,0.0
1,0.006111311227244078,1.3189778032022954,0.0
2,0.2798277446291873,-0.056635503846710976,0.0
3,3.0150676270887926,-0.5340153310639434,1.0
4,4.307458224130406,-0.1903122237752601,1.0
5,4.617328895167051,0.11155034599340465,1.0
6,3.277341913024307,0.7822879602238915,1.0
7,4.076466939313867,-0.7429592671280736,1.0
8,0.4162638916140795,-0.09574406288776013,0.0
9,1.5566547526608912,-0.24241937631056226,0.0
10,3.1209792830124523,-0.803508918525117,1.0
11,4.514962490372015,-0.20290710670472617,1.0
12,4.213300418241847,0.0004211505242411595,1.0
13,-0.051558460182967634,0.11657576282746299,0.0
14,0.004570498990894864,0.5321188119496566,0.0
15,3.685045243866132,0.15118251030545987,1.0
16,3.509060972119613,-0.21899110025506136,1.0
17,-0.7516772160299557,0.466494213499146,0.0
18,4.4174068542619285,0.5051043049839246,1.0
19,0.732830975675519,-0.1157050971263788,0.0
20,4.627391006459247,-0.4344162883639236,1.0
21,3.188607481577765,0.5222786648817843,1.0
22,3.7383546209516125,-0.33146657558704157,1.0
23,-1.0339369504297937,1.0785236322755427,0.0
24,-0.07224398319864583,-0.8875895879779522,0.0
25,-0.24190616818390775,0.7334670422294565,0.0
26,4.671235600175306,0.3404954003203092,1.0
27,4.715991184331202,0.17802376369280395,1.0
28,-0.5037794683039148,-0.8209470572030344,0.0
29,-0.7877098047298751,0.8489244815534535,0.0
30,-0.4343572224351612,-0.6717769402082726,0.0
31,-0.4468528932290639,-0.4958631231954086,0.0
32,3.9970173921639267,0.7336256610459935,1.0
33,3.805582052047748,1.3250164575979317,1.0
34,0.22963945800736088,-0.020545368319172322,0.0
35,4.1211603272764945,-0.01607846363871046,1.0
36,3.918449586630247,0.6374657709611605,1.0
37,-0.2135708958280838,1.5241389724555028,0.0
38,-0.3211620987197067,0.01524312503100961,0.0
39,3.7082631118047735,0.5246297287932931,1.0
40,3.8244381612061713,0.008767806537424816,1.0
41,4.449169555152397,0.8794724720568736,1.0
42,-0.9895301846502792,0.8391372552753212,0.0
43,0.5175576067970706,-1.5933714557849596,0.0
44,0.49071709871099745,0.14292011521322318,0.0
45,-0.6195858611352777,-0.26204900247480445,0.0
46,3.4058452799841663,1.1297766068065798,1.0
47,-0.16609379686433298,0.6743431833686634,0.0
48,3.9280323979450067,1.5725748817949314,1.0
49,4.198018287477215,0.9487971046403214,1.0
50,4.8387068266693465,0.6768618805905173,1.0
51,0.0851718979924678,-0.19159705028705712,0.0
52,3.6402379789698918,0.3237935081843072,1.0
53,0.10000409722351743,0.3810188621352638,0.0
54,3.6920027714315706,1.530094906043359,1.0
55,4.171234277298241,1.812443966382752,1.0
56,3.866578222965605,1.2790015813757072,1.0
57,0.052518882553002515,0.5632481254093861,0.0
58,-0.2087771135525075,-0.812033314888628,0.0
59,4.194895520858992,1.135063131898966,1.0
60,0.5239871016422473,0.7198417058490226,0.0
61,3.4567887726589785,0.5111215363755808,1.0
62,3.088971453690393,1.198068963223214,1.0
63,0.37351148418299857,-0.37871516504811426,0.0
64,-0.46366312978692126,0.5292339596178064,0.0
65,3.615201609424684,1.3069892246215837,1.0
66,-0.8282584513843615,-0.32154873699969705,0.0
67,-0.10092853366024446,0.22674606104308503,0.0
68,-0.9932064229858066,0.09218667648939982,0.0
69,-0.8947545556233633,0.26363502075872214,0.0
70,4.360497359192625,1.1325635554653601,1.0
71,3.2645854995190233,1.2553328065270195,1.0
72,3.3742545508766515,0.15296143439273535,1.0
73,-0.18653170301908303,0.05844009976127004,0.0
74,0.7890825994325834,-0.1940744834900543,0.0
75,4.159998894392121,0.38000272273391245,1.0
76,3.9722413225110573,1.3878259663970804,1.0
77,0.17214269280200784,-1.392356565474445,0.0
78,3.4181217006154947,0.7123402740193937,1.0
79,2.9419901648114193,0.7790220603253414,1.0
80,3.7937845535764403,1.5831045455702255,1.0
81,0.024042873928665272,-0.19665295037785005,0.0
82,-0.9781190081796267,0.2776693533154645,0.0
83,3.9978147829327355,0.9989170008154341,1.0
84,1.3026989695908995,0.3972445733998238,0.0
85,0.9963645359367084,-0.8499620894553843,0.0
86,5.527632984970369,0.8974068196828464,1.0
87,3.9253451326376996,1.4011444901711976,1.0
88,3.4586095997269304,0.69929156139275,1.0
89,-1.4217521431359617,0.5184313802985887,0.0
90,2.8348217263380446,1.8048319443323222,1.0
91,0.0495666192937206,-0.49292071021171646,0.0
92,1.0848790863473852,0.2619830847775758,0.0
93,3.769693115640603,0.9015455376244053,1.0
94,3.300630071602712,1.4666265586799616,1.0
95,-1.1354171359904048,-0.10668788622180753,0.0
96,4.326595727930017,1.6336067303804227,1.0
97,3.0663342918639183,1.3455668962867864,1.0
98,5.235381800402245,1.0106833232601757,1.0
99,4.129837032542893,1.8647750244162495,1.0
100,4.038378599288687,1.945994572433472,1.0
101,0.36489385656038487,0.6689773937684412,0.0
102,4.669368983448409,1.0133664329474412,1.0
103,3.9757828747265567,1.2081031666923463,1.0
104,0.8355110696605634,0.6225514002303804,0.0
105,3.273476997607958,1.052617641554841,1.0
106,3.7301140834712787,2.2334553784609827,1.0
107,-0.029594442088543553,0.14342016074805894,0.0
108,1.4836860792416284,2.034630932239562,1.0
109,0.030944965661933423,0.5203659772850566,0.0
110,-0.3861710416997343,-1.334041891334656,0.0
111,0.5945455042109071,-0.11202546708586754,0.0
112,4.57046838764897,0.8948376144023492,1.0
113,2.691527690519603,1.935370118373844,1.0
114,-0.2734952086796213,0.8556952512115598,0.0
115,3.7378104587133616,1.3877248934861481,1.0
116,3.2990858138952066,1.8466875097856157,1.0
117,0.2646197443638908,0.10727571943990791,0.0
118,4.748032388888394,1.5486327442596144,1.0
119,3.9163581681268465,1.8304764204213677,1.0
120,3.9701998472122,1.858722287920498,1.0
121,1.1097547480077818,-0.12849999372005053,0.0
122,3.4168914310135228,1.2480593584081423,1.0
123,4.099908932458758,1.0434547734461588,1.0
124,-0.006033883121408723,0.7428041615750639,0.0
125,0.7381744084366324,0.7214279092706467,0.0
126,1.2700746128902052,-0.9665270420699602,0.0
127,3.314244477887778,1.8465682502460623,1.0
128,3.1503901182131537,2.5771318987932412,1.0
129,-1.202529429299349,0.22612591251053563,0.0
130,-0.30321499035864596,-0.48947492519638275,0.0
131,2.4963592122286165,1.299439217817943,1.0
132,0.2033424751295667,1.2126261368908784,0.0
133,3.6905147343066314,1.4160181952096171,1.0
134,3.6958078198580417,1.9454287019056715,1.0
135,-0.23078725388551063,-0.26630165589311866,0.0
136,-1.1674218498983753,-0.547670096481175,0.0
137,2.6608697069911376,2.1293751931491807,1.0
138,0.02287643045696079,0.3076305140834392,0.0
139,3.442624571807557,1.8911617763714905,1.0
140,3.9247595890972273,1.3580736638835489,1.0
141,1.392479903568179,0.07025452329326516,0.0
142,2.696147965824571,1.7574249042051682,1.0
143,2.675098630011899,1.3229411372055113,1.0
144,-0.5153834330666054,-0.5393652938793215,0.0
145,4.424827574175194,2.045311407116075,1.0
146,0.12496498684611618,0.5859834218902277,0.0
147,0.5461073448555551,0.19033092911478122,0.0
148,3.6259853103494057,2.676795219744852,1.0
149,3.1188995577013854,2.0490420430373066,1.0
150,0.6071054597965134,-0.39477062685670117,0.0
151,0.5147543545754018,0.684661119994544,0.0
152,3.0576088956901053,1.6036917383776008,1.0
153,-0.28814942099695523,0.5616645300658185,0.0
154,-1.0129380166628592,-0.06747958953573163,0.0
155,3.661255987897727,1.1729160105356715,1.0
156,0.2415753186780211,-1.0655327999770974,0.0
157,2.9067559754637506,1.9092441342269404,1.0
158,-0.05940498677044642,-0.6303923019524937,0.0
159,-0.07972834655217337,-0.178674527641037,0.0
160,-0.28244549890963633,0.16367783371815847,0.0
161,-0.375334221065552,0.5952820971111035,0.0
162,0.08846064099058314,-0.5864789263475215,0.0
163,2.834275196731276,1.4216278748902154,1.0
164,-0.17510241764871767,-0.45689532708697395,0.0
165,4.03629406942614,2.8901251957117426,1.0
166,3.4211044273306697,1.470929126951428,1.0
167,3.7802144767843386,2.2910025167135704,1.0
168,2.6991599890651545,3.6566120517681076,1.0
169,3.9165322791733095,2.680037036761296,1.0
170,0.5525152942684913,0.1912365917658127,0.0
171,4.476800314045189,2.4152144461582923,1.0
172,4.51647665661837,2.773344548686478,1.0
173,3.187973433090493,1.741329301817713,1.0
174,-0.4882766899387835,-0.8694705664421581,0.0
175,0.7618588501885823,-0.4259125092876624,0.0
176,3.917407434597184,2.6232287016207017,1.0
177,2.0181072401860467,1.630410967698928,1.0
178,2.0951736243257226,1.7393318528740611,1.0
179,0.6127348459002978,0.4252171638662559,0.0
180,1.2084360929510807,-0.18405946561620273,0.0
181,3.7848042596383835,2.4975149412882414,1.0
182,2.828112892826557,2.2088278799926084,1.0
183,-1.2567618427236869,0.07423314854010395,0.0
184,-0.061931311076134705,0.2463591011630234,0.0
185,0.22249500076866124,0.08523708311234139,0.0
186,-0.0973310685460145,0.4616581069063823,0.0
187,2.1348347971388213,2.5623444708591707,1.0
188,0.9891024061609073,-0.9300085136148887,0.0
189,0.17894290452363357,0.7958315380122182,0.0
190,3.207220023670105,2.576349191742207,1.0
191,3.6092507914810668,2.045151400944755,1.0
192,3.1614891796241724,2.924145138393224,1.0
193,3.5321846431768686,3.057165344626559,1.0
194,0.30770187455565395,-0.19579107729499087,0.0
195,-0.01791367298181976,-0.07090247061995508,0.0
196,-0.2994099827965097,0.012810734306129164,0.0
197,-0.13172461699872795,-0.6504219724031607,0.0
198,2.6529237617741126,2.1588605917553787,1.0
199,-1.015422262484465,0.4376078077682557,0.0
200,2.3596230376484115,3.5879571589156405,1.0
201,2.4845317016325716,2.8171027394893353,1.0
202,2.583406465459874,2.3778141470753225,1.0
203,-0.4681826439009236,0.1626676778680289,0.0
204,2.0322803083937115,1.8500659008592035,1.0
205,3.043879959830994,2.2000250592329382,1.0
206,-0.043871787568918345,-0.7784277935740439,0.0
207,-0.39387820498291887,-1.7007327031648214,0.0
208,2.7258339545643477,3.1350098193317923,1.0
209,3.240442358935364,2.0452313278822856,1.0
210,2.1048956453542713,2.5736624982455485,1.0
211,2.5299304718929063,2.808145598980203,1.0
212,2.98675502990693,3.0269919706919444,1.0
213,1.2918718755423495,0.280982944613755,0.0
214,2.8945200888464107,3.386169095075457,1.0
215,-0.07694518441662121,-0.163062939894418,0.0
216,-0.2877934884047686,0.3722149790061075,0.0
217,0.11869690070992069,0.05865048145331117,0.0
218,0.25071222193039555,-0.024011235210979753,0.0
219,-0.6031871234093152,0.0608442880009266,0.0
220,-0.522478289509129,-0.34730979885864927,0.0
221,3.207376609934233,2.1180669467432236,1.0
222,3.043624811664078,2.1574672700038544,1.0
223,0.40653422015263024,0.7843103070487544,0.0
224,-0.979580715740697,-0.9406606345850723,0.0
225,-0.00668736710510475,0.006899339922037425,0.0
226,2.865307023184861,1.8033079277521185,1.0
227,3.228692573329588,3.068181501460202,1.0
228,0.12933183227321088,0.34080441553585206,0.0
229,3.0093221273567305,2.147530349153957,1.0
230,0.7852012514113075,-0.015479134952692266,0.0
231,0.05902674408928539,0.2288497525255025,0.0
232,-0.4891653966818751,1.080728394485121,0.0
233,2.5208789830976266,1.9605437085183501,1.0
234,-1.2948411383767542,0.791130610854502,0.0
235,2.9442945214828704,3.177826616379183,1.0
236,2.900768020431737,2.3307685677530428,1.0
237,3.2631400116450626,3.1257938526669395,1.0
238,0.24140498470652938,-0.4108860545641879,0.0
239,2.2392702160159272,1.9168498338384405,1.0
240,1.3850271803826812,2.0193221360271103,1.0
241,3.113435530395615,3.1559808049994755,1.0
242,1.2162596384205624,2.9418194018850117,1.0
243,2.210781082625872,3.05987235638518,1.0
244,2.853865451268276,3.4998866020231816,1.0
245,-0.03704598087474064,-0.2681017521975727,0.0
246,-0.5384405561410983,0.7874822202845978,0.0
247,2.3655878669549386,2.6671386620749327,1.0
248,2.9857561345965786,2.896420451300893,1.0
249,1.4930649685986768,1.0175817198085015,0.0
250,0.8409140496031472,0.09506030807131903,0.0
251,3.3871731181195877,2.2371398728235055,1.0
252,2.2841434135307566,3.628052260554794,1.0
253,1.027383132805978,-0.47526901233909,0.0
254,-0.4123794222939981,-0.07048472785086689,0.0
255,-1.3533385376413136,-0.6135041061813621,0.0
256,2.399415419275923,3.2630526019490707,1.0
257,0.9526569142472204,-0.3859545610732433,0.0
258,2.1220833347398784,4.105599966593362,1.0
259,3.4065518484250994,2.9636684926146906,1.0
260,-0.7757141458340692,0.16023052160950976,0.0
261,3.0736471784355417,3.3359896944349887,1.0
262,-0.06298782061137213,0.820448989476095,0.0
263,-0.16064012213637988,-0.6768067988820041,0.0
264,-0.21205904925431943,-0.9698845131906195,0.0
265,0.09835714347155197,0.05779281355271809,0.0
266,-0.809047852653672,0.7589899979137537,0.0
267,1.867660172819675,2.301108475109983,1.0
268,0.4599979089870516,0.21377569048337333,0.0
269,3.3443575902321765,3.2150388830679,1.0
270,2.540859885111779,3.4263269792680413,1.0
271,0.38598867903775674,-0.9423740451800716,0.0
272,-1.1058417300939891,-0.286784402424292,0.0
273,1.9360757497832717,2.8285119038013047,1.0
274,0.16795475942594293,-0.058890233785774765,0.0
275,0.12590968675383318,-0.7443747597337365,0.0
276,2.2622649361074636,2.5863831090825977,1.0
277,-0.3844354345141194,-0.6805869562333364,0.0
278,1.1298904182337526,-0.8086554366854678,0.0
279,1.6508243542410153,2.6723368721002814,1.0
280,0.5311125247253563,0.8842588890830428,0.0
281,-0.20027457621213848,-0.012077462326522485,0.0
282,0.05170610542807201,1.314538807943904,0.0
283,3.1279478728988526,2.826265953781321,1.0
284,0.02464933568632774,0.35607955176194345,0.0
285,0.011353262329316842,-0.04922049188729049,0.0
286,0.6622163744772901,0.2403184107592237,0.0
287,0.23345638131943233,0.702624638772293,0.0
288,-0.4045995963944256,0.01909833496461071,0.0
289,2.922049611011609,3.050264073526682,1.0
290,1.1508322353722493,4.1664429416473805,1.0
291,1.818323599544427,2.9300949170216684,1.0
292,-0.01690933700319292,0.25699912231825056,0.0
293,2.0797811082483832,3.082635855236924,1.0
294,2.0558321290961805,3.777665090115812,1.0
295,1.0931490587162436,-0.045390282353053736,0.0
296,-0.6088955446406646,-0.36139911214971726,0.0
297,2.594585633585166,3.250731050607917,1.0
298,2.359039591000275,3.4161879758517157,1.0
299,2.3010999031183488,3.021135912378409,1.0
300,2.1538695534725703,2.610141786908348,1.0
301,1.5860539123141693,3.0841538811216487,1.0
302,1.3680789995791955,2.765025391324566,1.0
303,0.33840512104428544,-0.7707313787955163,0.0
304,-0.38823211582965556,0.1027461270913275,0.0
305,2.099123031057707,3.8774353664334384,1.0
306,2.3497650733904942,3.1260516710572386,1.0
307,-0.23874725915450484,0.46954732850518643,0.0
308,2.0618445007902144,4.081885870781128,1.0
309,2.926025362891143,3.4343289357379594,1.0
310,0.022870800107640216,-0.3473508839659247,0.0
311,0.06753451854387257,-0.39332701769061484,0.0
312,0.4394544058529257,-0.2251334404564036,0.0
313,0.3173661710499493,0.14768867321090648,0.0
314,2.0133903836576015,4.125808684416798,1.0
315,-0.6108251251724188,-0.04671285356451045,0.0
316,1.7014023859031255,3.6905212712994624,1.0
317,2.1954033545716753,4.586696400011499,1.0
318,2.0370090332560506,4.442302092626486,1.0
319,1.9454894346199465,3.123279799037575,1.0
320,-0.5913064426104904,-0.8831010044781521,0.0
321,-0.25827714713147576,0.6896276300202744,0.0
322,2.102024100023601,3.111459647679917,1.0
323,2.467844356654944,2.9382461883475424,1.0
324,0.27575094290043367,0.16803471602260808,0.0
325,-0.33258577594278055,-0.2823825948928748,0.0
326,1.5093609342587455,4.393905356128342,1.0
327,2.0395282434845527,2.90684393231362,1.0
328,2.728677984422631,3.625997086672906,1.0
329,2.2003616816334897,3.1846995072504116,1.0
330,0.1353489981412821,0.8334871894067565,0.0
331,1.5290700367038919,3.9176006702354247,1.0
332,1.9326916857027299,4.018751876004574,1.0
333,0.8829190027179494,4.173346929223399,1.0
334,2.4539135607486364,4.523265191938849,1.0
335,2.0494452616606678,3.4512355642460513,1.0
336,0.5616774889866494,0.4070280593042822,0.0
337,2.426188120459421,3.512293206066146,1.0
338,0.015231362643875392,0.3662350585832476,0.0
339,1.802321825205586,2.894684141496236,1.0
340,2.92850645423699,3.469174522075824,1.0
341,2.1218042695861263,3.7145884393117248,1.0
342,1.0548460842029437,3.716848538441103,1.0
343,1.9905419660516457,3.0375729323978033,1.0
344,-0.2371373895926126,-0.6956523098399477,0.0
345,0.9706743246542952,3.7048461401285295,1.0
346,1.3316120989489415,3.6649772375734266,1.0
347,2.4985817827268595,3.6384957076467868,1.0
348,1.6264766550674306,2.7855097270552904,1.0
349,0.3740721656546295,0.5344030088588368,0.0
350,2.1771289898082813,3.906794593561888,1.0
351,1.1175254352338866,3.253952673448749,1.0
352,2.1535281711582597,3.3664025123023666,1.0
353,0.01604302960478216,0.11007015214894578,0.0
354,0.5496830813966915,3.917436830855286,1.0
355,1.724672062903466,3.8266863432638365,1.0
356,1.3596156833830786,3.484106359947563,1.0
357,0.7061394173749039,4.280837991099019,1.0
358,1.400386359592887,3.5661373801830276,1.0
359,0.24742885551716265,4.15700439216187,1.0
360,-0.3960337920804497,0.10549137197761681,0.0
361,-0.2437818782670375,-0.5184269946614217,0.0
362,0.1878406209905408,-0.5124574435810348,0.0
363,-0.3725797917208358,3.123544396927757,1.0
364,0.13170573347582715,0.23583776038805496,0.0
365,-0.586137232041195,-0.35374795352712934,0.0
366,-0.5514680669219663,0.1156523094391297,0.0
367,0.4855081781118976,-0.718855728114623,0.0
368,0.01650582121790148,1.3392098337151066,0.0
369,1.5025462136942354,4.3901198188744095,1.0
370,1.4230898558630127,3.850084631736093,1.0
371,1.8530983478884595,3.4690760807457517,1.0
372,-0.5763026289798888,-0.47587041762460297,0.0
373,0.4382110742262116,0.6627470841428859,0.0
374,0.8427273089638271,0.08786446228694991,0.0
375,1.3177455751404508,3.945852746530097,1.0
376,-0.9794539812407899,-0.04028049276871306,0.0
377,1.0533310633403394,3.790360694566345,1.0
378,0.027080409259206163,1.4037748836120347,0.0
379,1.2879366759713253,2.5047546193763512,1.0
380,-0.4006276323423354,1.0091530440438825,0.0
381,-0.06632439433948356,0.6121036270294798,0.0
382,-0.0786324069248474,0.6798479277358331,0.0
383,1.1869387755102159,3.253306735857146,1.0
384,0.008769085510729635,4.488547904784303,1.0
385,-0.3392986838247938,0.2856188300628687,0.0
386,-0.03321152881343374,-0.1583624091556127,0.0
387,1.1682580342398428,5.245056206576249,1.0
388,0.5071831814552094,5.145529901968975,1.0
389,1.9660402276980107,3.498961062681195,1.0
390,-1.7967677161365714,0.5285625366485829,0.0
391,1.3390630809889221,5.130099967433463,1.0
392,0.7103515953984263,3.456274510356682,1.0
393,0.9010590550991076,4.55473030704167,1.0
394,0.2089015411450852,0.3979548538075044,0.0
395,1.2961304590431095,3.3942811343678274,1.0
396,-0.7558724060431621,0.017172302512669692,0.0
397,-0.5011156141148898,-0.5680442465743137,0.0
398,-0.09302148487099547,0.03963615707189555,0.0
399,1.1205353762559418,0.5436267949652311,0.0
400,0.7354422396616116,3.6452081854312377,1.0
401,1.2847311890749762,3.5477523312498214,1.0
402,0.1479893731514677,0.36479550564383834,0.0
403,-0.5960168252538812,1.2252432898961725,0.0
404,0.6787857109063574,3.448369992619574,1.0
405,-0.010713550397223215,3.646960097873328,1.0
406,0.764344842385834,4.750634376456546,1.0
407,1.3814063740340696,2.2856756441249013,1.0
408,0.9202590508100374,3.7990752611720664,1.0
409,0.2383829050494407,4.6659111444822745,1.0
410,0.73508478795995,3.8621353693048706,1.0
411,1.2676852982768239,3.780047588952826,1.0
412,0.11443405759368097,2.9001922041680763,1.0
413,0.8618226010286242,5.191027692666605,1.0
414,-0.45942131668685177,0.33347217844972377,0.0
415,-0.5210864335514839,4.252635891569024,1.0
416,-0.23239609044477136,-0.18138165034520135,0.0
417,0.38460604387770064,3.2963041429563384,1.0
418,-0.4077558255264864,-0.3385907458094934,0.0
419,0.06908872388405529,-0.22748853772795363,0.0
420,0.4263353302569357,3.6018250978666013,1.0
421,0.8100758322121795,3.665906033344284,1.0
422,0.06230027515345066,4.105883716521405,1.0
423,0.1170418182908287,-1.0689377134233549,0.0
424,-0.9302576070500885,0.25039129261910126,0.0
425,0.7522456379778526,4.026504612343926,1.0
426,-0.3919708211567334,0.04710841510450577,0.0
427,0.9875635865908917,4.606040846476838,1.0
428,-0.5328487250551732,4.345463474472332,1.0
429,0.5929955735539795,3.9553018238628974,1.0
430,-0.559673424903863,0.7459916306730929,0.0
431,0.38583272720357564,0.352934957470762,0.0
432,-0.18134367578193922,4.082601569709253,1.0
433,0.05002783694407864,4.917049715938514,1.0
434,0.3032321631464056,0.21554949390807385,0.0
435,0.5950297747690598,4.768958648857348,1.0
436,0.4517850952629019,3.3711477647768473,1.0
437,-0.28351589592531345,2.7011609214849237,1.0
438,-0.5448174067844765,4.093890213230232,1.0
439,-0.18028727135125336,-0.21301723863322444,0.0
440,0.7680193146871634,4.238891769305337,1.0
441,1.001550483826181,0.18119352621453175,0.0
442,0.47853097988709414,3.5352581122483286,1.0
443,0.1343061379877464,0.19777378927664283,0.0
444,0.023178331104112857,-0.9940290613931722,0.0
445,0.4628435692061073,0.6176632972696603,0.0
446,0.9260926957670909,3.818387763187235,1.0
447,1.7548168189842832,4.994518800769905,1.0
448,0.3581438887487723,-0.5923720160745914,0.0
449,-0.2392825014401567,3.629756316121645,1.0
450,0.5764160390763958,0.7974377079238094,0.0
451,-0.4356498528618501,3.3910568205807485,1.0
452,-0.9347991169100378,-0.30422086185920244,0.0
453,-0.4405074984311398,3.9775300732340164,1.0
454,-0.05065852233530374,4.094078655121301,1.0
455,0.26088477463869475,0.32405667631488355,0.0
456,0.19412067562891389,3.088080512338684,1.0
457,-0.28994972548746445,0.0015427094589060151,0.0
458,-0.1143920961488396,-0.23690970842007017,0.0
459,0.5683511806642487,-0.09300605585450052,0.0
460,-0.2722824246312006,0.24195872409794808,0.0
461,-0.31949395152544063,0.38703316407592614,0.0
462,0.342161321455341,3.60073274190596,1.0
463,-0.86337268671072,4.6062120297781615,1.0
464,0.6578081073994791,-0.14052948080672192,0.0
465,1.1647671351703506,4.743959385210806,1.0
466,-0.46957749349651506,-0.06623357941613264,0.0
467,0.416641249751488,3.6174128614127268,1.0
468,-1.2048838065650362,2.6282998177932084,1.0
469,-0.20774966858838598,-0.4767817926428992,0.0
470,0.499590443678687,0.19623972547261323,0.0
471,-0.35838964137921764,-0.1427530378416042,0.0
472,-0.7910195180726397,3.5694575426983604,1.0
473,-0.009467530272597105,-0.29503806480811656,0.0
474,0.2793974638382759,-0.9217462117663342,0.0
475,0.4872853472915483,4.9744299652442745,1.0
476,0.16539992960446462,-0.42503103140286425,0.0
477,-1.048634139611718,4.555064746200442,1.0
478,-0.2504989594555638,4.387691204062747,1.0
479,0.06251322146525706,3.0178406484210845,1.0
480,0.23147140394888915,4.18640631418627,1.0
481,0.4058764394169739,-0.2292053733466921,0.0
482,-0.78391611104119,0.9948784077709127,0.0
483,-0.4068154689386702,0.7787074743906592,0.0
484,0.8805684100103852,4.8426263687898805,1.0
485,0.04058053804015186,-0.27781305246543053,0.0
486,-0.009105785536701494,4.06606663623597,1.0
487,-0.20117153218335207,3.487004492958778,1.0
488,0.2368629960946937,3.332197969638929,1.0
489,0.6854514243396791,3.6461565970187246,1.0
490,-0.2945195185997983,3.467639615890653,1.0
491,0.7715904042481758,-0.9041990389285632,0.0
492,-0.08614770702979233,-0.22921526937023015,0.0
493,-0.02270686189216914,3.973664761375634,1.0
494,0.018361094603110684,-0.04178494706816135,0.0
495,-0.3504561280769516,0.2010633721175993,0.0
496,0.30818178651921746,3.668493292655179,1.0
497,-0.4603529077296103,3.944598426294869,1.0
498,-0.9942513764083843,3.302563159318904,1.0
499,0.36844762220764815,0.553324002939916,0.0
500,-1.021552965611446,4.772459802021654,1.0
501,-0.38577153201173425,0.09006913620367751,0.0
502,-0.4572687071534989,-0.5326680819815612,0.0
503,0.6093991689252607,0.4206248046990582,0.0
504,-1.113545697715846,3.1482701048829846,1.0
505,0.07385353814881013,3.4221132286366336,1.0
506,0.044751843926132115,-0.6462594416423969,0.0
507,0.7590467028532596,0.1268982076391268,0.0
508,0.6469183822285427,-1.5355107998064579,0.0
509,0.34614240786748496,3.725051176488728,1.0
510,0.6871573038115348,0.20789666520405642,0.0
511,-0.6599913220546617,4.230561553176059,1.0
512,0.2621920165546694,3.424697322652813,1.0
513,0.8537900979096636,0.2376519509739361,0.0
514,0.22585531869337766,-0.6596404743505166,0.0
515,0.5654894351313089,4.581585112676422,1.0
516,-0.7815834950794222,3.60762293122451,1.0
517,-0.6038870339709937,2.94265189128988,1.0
518,-0.02530287077434736,-0.17213231543394455,0.0
519,-0.2481713884558484,-0.44847288686445463,0.0
520,0.037802429425029094,3.8434884342740525,1.0
521,-0.8711011942015047,4.36986079161396,1.0
522,-0.9985037910997041,-0.07594159898363391,0.0
523,-0.3342921991256317,4.485310045851241,1.0
524,-0.9057969636409793,-0.1664348350458659,0.0
525,0.47179677726538566,-0.2798514580415658,0.0
526,0.873484771102106,0.03329533526628166,0.0
527,-0.6179611699853859,-0.20996601875346285,0.0
528,-0.7140089128849004,3.5175657828571683,1.0
529,-1.0118409890475755,3.4096710907493484,1.0
530,-1.5800194241523453,3.4869806804611345,1.0
531,-1.4940983734239506,2.6093548937561533,1.0
532,0.11035529660418596,-0.23129385622536497,0.0
533,-1.373172024008717,0.1508906490129222,0.0
534,-1.5450125235069367,4.017666355948123,1.0
535,0.5225770693029718,-0.526782369921522,0.0
536,0.2764765966207533,-0.2405916947378406,0.0
537,0.9508923164094107,0.38878067460593296,0.0
538,0.45116795260631737,0.33779383115167666,0.0
539,1.382350018610365,-0.6360094936329284,0.0
540,-0.054229204366168085,0.8205583438840282,0.0
541,-0.3603945345946731,0.9313459080291364,0.0
542,-0.7488149242374305,4.52063090030468,1.0
543,-0.08561262724407902,-0.7365818522462447,0.0
544,-2.1787376848772007,3.200034137436704,1.0
545,-0.9611016293835222,-0.5323085651070242,0.0
546,-1.0593167956818534,3.3503694992446076,1.0
547,-1.2690336091126844,0.8432192632346521,0.0
548,0.13536519268266226,0.2698272601391955,0.0
549,0.023860040751897103,-0.9401968265169615,0.0
550,-1.2662843249876468,4.716975307418997,1.0
551,-1.0188634916593526,0.232368285237038,0.0
552,-1.4160833277473692,4.729847266223261,1.0
553,-0.18540778142827333,-1.0056022837979859,0.0
554,-0.3210673250167341,3.191312681373926,1.0
555,-0.03367981226925427,-0.0008310256410574355,0.0
556,-1.6509123521503772,2.9021373079141677,1.0
557,-0.09361433459837241,0.6294559127520062,0.0
558,-2.1841884389276482,4.698892046613338,1.0
559,-1.0535343500626315,0.2705606770835489,0.0
560,0.32407381584029643,1.3742802423183231,0.0
561,0.5911905053639201,0.46015180179671933,0.0
562,-0.0724194849023374,4.694734266625916,1.0
563,0.06764276474144235,0.39436061418286633,0.0
564,-1.6562765657195784,3.7576116718265444,1.0
565,0.0631392822355655,-0.05499564486022991,0.0
566,-1.207393952411459,3.409917993946269,1.0
567,-1.209169025092042,3.3319078943063487,1.0
568,-0.21412291681535908,0.3273943940820165,0.0
569,1.0856732227984305,5.206326915318562,1.0
570,0.198021068706187,1.3355665990429553,0.0
571,0.8929513162773598,1.1375335056183498,0.0
572,-1.496443732648383,3.4337369976483534,1.0
573,-0.30169002038552295,1.4474722077262492,0.0
574,-1.6731102426549704,3.4981229092957533,1.0
575,0.029696988990054442,0.2963020657685738,0.0
576,0.16826502318977757,-0.5958741665577484,0.0
577,-2.1009994846642943,2.621785396667537,1.0
578,0.7776899205167299,0.36987558757569317,0.0
579,0.5542779361883681,-0.07954080879223081,0.0
580,0.03593680986976563,-0.12751382686218551,0.0
581,-0.6414130519120602,4.006750154507736,1.0
582,-1.2727058669414615,-1.103307962255099,0.0
583,-0.6476058996149971,-0.06853533087010812,0.0
584,0.008249092401320194,-1.1068206981768276,0.0
585,-1.5471418702523845,3.5692029137740495,1.0
586,-1.409639707298861,4.062432200395069,1.0
587,0.17056780248432876,1.0456012683933786,0.0
588,-0.863042040478887,3.7650336819627346,1.0
589,0.8964474438945637,-0.12309495825948052,0.0
590,-0.9155491098540569,4.893079338693531,1.0
591,-1.2256460443936315,3.9617039578432665,1.0
592,-1.903697054266176,3.533198668293485,1.0
593,-1.8923716670948125,3.595163288404917,1.0
594,-1.943662192590235,2.8222680868845558,1.0
595,0.46307433072820037,0.49410249237823883,0.0
596,-1.0980171302566861,-0.4175010716097284,0.0
597,-1.441783390364546,4.009844454689147,1.0
598,-0.37783681007650505,2.697747072230603,1.0
599,-1.1460164596019153,3.8435470557429863,1.0
600,0.26891717065398746,1.0177089436968962,0.0
601,-0.2190331299277546,-1.07479652882471,0.0
602,-0.9716159897385255,-0.30662427814806587,0.0
603,-1.508769678440096,4.589230493522509,1.0
604,-1.7813625138905524,3.4468147423514965,1.0
605,-1.4967748070703253,2.4070951165637458,1.0
606,-1.5578787295723393,3.44107271995036,1.0
607,-2.2722543362235137,4.387443410781615,1.0
608,-1.4433442261921279,3.249424502960804,1.0
609,0.29624506640951304,-0.06966236342061992,0.0
610,-1.5496779797819666,-0.6923702181912056,0.0
611,0.41492325064211194,0.41684948619360357,0.0
612,0.4338602962426789,0.01476727514874697,0.0
613,-0.26889921760842483,-0.38960275663823285,0.0
614,-1.260108524862852,3.1572319164535774,1.0
615,-0.19926136640929507,-0.43285877734305345,0.0
616,-0.32969912778242416,-0.6591424365331977,0.0
617,-2.4515626281346132,4.496883734263609,1.0
618,-0.728110458647905,3.181694410949031,1.0
619,-0.04036536535378904,-0.7910375217868405,0.0
620,-2.310457966731335,4.109941149380541,1.0
621,0.7072677426957904,-0.10795490148741055,0.0
622,-0.7074947583826127,0.7808568429988565,0.0
623,-1.3804069138144766,3.989693825200033,1.0
624,-1.4431230106129633,3.1950176128373458,1.0
625,-1.7106307727706431,3.3517884336009334,1.0
626,-2.0722188662393095,2.7551590824280625,1.0
627,-1.4907386276520684,3.52744302900965,1.0
628,-2.17597691759824,2.651391098769568,1.0
629,0.576334334674337,0.13550428716161406,0.0
630,-0.22242240193227206,-0.5673694773337749,0.0
631,-0.35778842307030484,-0.03154037776172777,0.0
632,1.1200098889989762,0.45448099803684233,0.0
633,-2.2374901652865082,2.290250481698722,1.0
634,-1.3929649759961835,3.757217283472439,1.0
635,-0.8158684353022881,-0.02484048693478046,0.0
636,-2.4898017457693045,3.7200033042907883,1.0
637,-0.7906304058844592,0.3246049319758846,0.0
638,-0.32571688561003065,0.24963002775685528,0.0
639,-1.4372651767583626,2.9521585245725683,1.0
640,-2.277237198564179,4.6563438007699,1.0
641,-1.2922141928338147,2.7518547419774233,1.0
642,0.5186617193157034,-0.44529901224386514,0.0
643,-0.31720239536129313,-0.06480230206857475,0.0
644,0.09639671389186369,-0.5715869716892327,0.0
645,-0.20500685855752834,0.014574548482668231,0.0
646,-2.5704989523569832,3.3209821916834943,1.0
647,-2.5651290956398403,3.694318267976822,1.0
648,-2.4805797071384634,4.440247789716972,1.0
649,-0.8531519229842621,1.1987736478500028,0.0
650,-0.481884832404977,-0.27860261486129495,0.0
651,0.20293528421106918,0.3910687570203696,0.0
652,1.1735473849504165,0.23405599361275586,0.0
653,-2.8748335162761403,3.3695604860200814,1.0
654,0.5872427904634435,1.3445359195208746,0.0
655,-1.7643456243399458,3.786058689509649,1.0
656,0.011275075064554682,-0.35626646866720046,0.0
657,-1.418504290284708,0.012200509023145949,0.0
658,-2.504770164242667,3.2556390115699823,1.0
659,-2.543403582965632,3.5647581119978864,1.0
660,-0.7678135039225437,-0.3512587225666636,0.0
661,-2.018295969896258,3.4064074471890216,1.0
662,-2.7974540444096605,3.4817941158151657,1.0
663,0.4190742894644016,0.002262533451761604,0.0
664,0.31742714300065894,0.25357717302529537,0.0
665,0.25575523846686055,0.4061448210181473,0.0
666,0.14392026353716714,0.09537520447538596,0.0
667,0.15139885883071275,-0.23447879764860813,0.0
668,1.3618527743925646,-0.8726194047592588,0.0
669,-1.5721225517609514,3.893140655744607,1.0
670,-1.568586978445147,3.791166318689888,1.0
671,-2.4230055784629503,3.008281579067544,1.0
672,-2.787965112122097,3.6990687384492706,1.0
673,-2.342054304254812,4.391587082996871,1.0
674,-0.9830541754450752,-1.0658331698079455,0.0
675,-2.282044543633042,2.0013453883484287,1.0
676,0.431800902322399,-0.14905158402302293,0.0
677,0.6836404107259804,-0.7408954922121915,0.0
678,-2.9613380971171415,2.697559638099427,1.0
679,-1.7693840964769836,3.54213179024266,1.0
680,0.456622635088196,0.07300500989569704,0.0
681,-2.3917294184141213,5.242338566221212,1.0
682,-0.8536769451758056,1.1533948532666392,0.0
683,-2.710918214382492,2.575562547939927,1.0
684,-3.4593469507469115,3.5079609189744136,1.0
685,-0.4574169220365656,-0.8681642008534851,0.0
686,-0.25865780250645426,0.3436508201143295,0.0
687,0.8531853355754788,0.2738180180884712,0.0
688,0.22052693761336142,0.1141869345563638,0.0
689,-3.890658657152362,2.536525508971615,1.0
690,-3.2350286773178785,4.031081053701449,1.0
691,0.28866907583330126,1.6556130684129493,0.0
692,-0.9506841378905613,0.5066725839627517,0.0
693,-3.2760068901977863,4.10721764200342,1.0
694,-0.12021208800299243,-1.0284276696293977,0.0
695,0.6890103484146758,-0.5465102265831915,0.0
696,1.289744720920372,-0.05414630979945036,0.0
697,0.8799472293445065,0.5115311636767391,0.0
698,0.406477301607847,0.031092233689452936,0.0
699,-1.8758997212892954,2.6740473301387615,1.0
700,-2.3576536280048495,2.9768947563213803,1.0
701,-3.132383032428852,3.5931345070296663,1.0
702,-3.5504871944350267,3.0643831630961067,1.0
703,-0.18546866686302527,-0.14007999692621562,0.0
704,-2.345531903121964,2.5740365517558077,1.0
705,-1.7052400698226222,3.1396285619484097,1.0
706,1.0584314075805983,0.24009432502033395,0.0
707,-3.004459618171059,2.6086530139624218,1.0
708,-2.84631208106528,2.8615019169470597,1.0
709,-1.9832443846035903,3.5847618576317872,1.0
710,-2.0336189254266483,4.320720969689649,1.0
711,-2.729518184399159,3.9753022427053333,1.0
712,-2.7414032628430323,2.2801543434145666,1.0
713,-2.943868203628491,3.214365484919855,1.0
714,-3.0272595296651623,2.6027340401910437,1.0
715,-0.8435777497607395,-0.3540345875217238,0.0
716,-2.2198105876680394,3.7107493950895054,1.0
717,-3.3643480659867784,3.512667978486375,1.0
718,-2.683727778652077,4.193108977500653,1.0
719,0.5835214734855221,1.2803209483227225,0.0
720,-2.6669592166198437,1.99883838101597,1.0
721,-3.7901122770172266,1.7586814137403557,1.0
722,-0.15357460152856098,-0.20882782778557166,0.0
723,-3.4673966911232195,2.333168684371511,1.0
724,-3.1428487906118576,4.102108173799419,1.0
725,-4.092153519625812,2.1551483290861846,1.0
726,-2.7949323800580306,2.1293865924427555,1.0
727,-3.5916772500147047,2.388832204392672,1.0
728,-2.5762176310547384,2.4710628486356763,1.0
729,0.01665727897530089,-0.2553253276628688,0.0
730,-2.1977133380366647,1.8816326925941804,1.0
731,-0.16272440393409832,-0.7903048732834765,0.0
732,-3.760848881372845,3.201742930248054,1.0
733,-2.4560494228701835,2.4981800677892947,1.0
734,0.3410753513545661,-0.19968705891132574,0.0
735,-3.9688676223918655,3.3867999680245586,1.0
736,-3.1247692688473965,2.731751893046709,1.0
737,-3.901095191094567,2.1939185704709696,1.0
738,-3.8266254572275753,2.2379843744754395,1.0
739,-3.1531544020826323,2.1908172735291993,1.0
740,-3.5547210082303597,2.0213302605438437,1.0
741,0.4887118934927198,0.03535535350897798,0.0
742,-3.1392676559662016,3.3030440204149736,1.0
743,-3.302262236484184,2.111495427160718,1.0
744,0.8132656215566509,-0.23888887725004504,0.0
745,-3.128286455154644,2.8668172550783737,1.0
746,-0.20847039149913796,-0.3487610861161951,0.0
747,-3.417700622470084,2.2220391896028464,1.0
748,-4.15829424617603,2.3809982999420107,1.0
749,0.45323741739800294,0.5204444468129508,0.0
750,0.07894438074484122,-0.8433360284351339,0.0
751,-0.5034776417053282,0.5940728303275162,0.0
752,-4.097340906947721,2.9900027121282746,1.0
753,-0.5378218335313081,-1.1776392054844511,0.0
754,-3.455946413286273,1.6139667801801085,1.0
755,0.43199023808589926,-0.6617437277732218,0.0
756,0.846703238333767,0.4714822960987035,0.0
757,0.2744493637325945,-0.578767208240237,0.0
758,0.00794386060052013,-0.07316695656016636,0.0
759,0.02745511038086764,-0.11231031001550015,0.0
760,0.41948169223121623,-0.17925576034196156,0.0
761,-4.0017783134189395,2.306095451596427,1.0
762,-2.7662064213701107,2.710525166063578,1.0
763,-3.0342189134889614,1.999693478406672,1.0
764,-0.21806266806963082,0.4674307320797949,0.0
765,-3.2535421105690245,2.0034664491236858,1.0
766,-3.9207625242080737,1.794409761332585,1.0
767,-3.5629111943896437,3.2937863303685146,1.0
768,-3.5731340049709193,2.8817440704196984,1.0
769,0.07614725562217195,0.241193618066821,0.0
770,-0.42295281150446695,0.4079849065470614,0.0
771,-3.194217588885886,1.6472453286804556,1.0
772,-4.243586915754317,2.2577858159292594,1.0
773,0.11958011813787911,-0.030362124576999536,0.0
774,-3.4257725746658085,2.394364018811346,1.0
775,-0.13348620614575218,-0.5153519446846029,0.0
776,0.48033888205859804,0.04695610509699681,0.0
777,-4.110941541978912,1.4128580468988887,1.0
778,-3.793500706593079,1.1667085138605986,1.0
779,-0.5026068251447672,-0.3547098622586578,0.0
780,0.09555028102422146,-1.1751293730819232,0.0
781,-3.878300751845611,2.4505867995853725,1.0
782,-0.6327770783910083,0.4921487023948087,0.0
783,0.19831964594094945,-0.08716467432286153,0.0
784,-0.11903933809202744,0.05651538018608794,0.0
785,-2.8295548609505676,1.7620444716795656,1.0
786,-0.4645770482920827,-0.16163386707074417,0.0
787,0.03991033342990073,0.18148313864386884,0.0
788,-2.9161379544789456,2.8132464345807096,1.0
789,-1.0848863558989508,0.24680054573856516,0.0
790,-3.6487088041223874,2.5717673108411505,1.0
791,-0.5633889436066711,0.6102125948479468,0.0
792,-3.2275513124271447,1.8017717774715578,1.0
793,-3.0717598480717214,2.586288790094533,1.0
794,-2.9833757570568933,3.138280199174029,1.0
795,-3.0904331460645267,1.6855155977402658,1.0
796,-0.8679467340215365,-0.9496113850816734,0.0
797,-3.560277884390288,2.8794668267815213,1.0
798,-0.6424515729063255,0.6326710361586819,0.0
799,-1.9618938477648158,1.7884605311414992,1.0
800,0.09388575416777938,-0.12980638697743566,0.0
801,-3.6628468241748147,2.8712655199835866,1.0
802,-3.1595203048040252,0.9865820327655065,1.0
803,-4.415516597002879,2.62852241193081,1.0
804,0.5154625156713184,-0.48577594562406756,0.0
805,-0.04480078695068974,0.15522986413784762,0.0
806,-4.5676862970609635,2.0646561163774115,1.0
807,0.5318949236157695,-0.16327905361092493,0.0
808,0.31433461430052334,0.05305325222679685,0.0
809,-3.6016216341641667,2.2584638040355567,1.0
810,-4.472327677474651,2.1072816735736106,1.0
811,-3.477984209170301,2.088914280763167,1.0
812,-0.4799481738843988,-0.13204546789221336,0.0
813,0.2683272524728989,-0.36967267399408754,0.0
814,-3.467445395101047,1.4755805900885355,1.0
815,-3.1339800766174974,1.6947537429752793,1.0
816,-2.992263358042423,1.2384959900513828,1.0
817,-0.9494966867890551,1.3461611367495843,0.0
818,-2.823272669919293,1.6313180345760865,1.0
819,-0.029006774267891767,-0.36486075417101393,0.0
820,-4.666641201975944,1.6951329550106722,1.0
821,0.33992718949092743,0.08778266760062654,0.0
822,-4.347049104147482,1.904807031527519,1.0
823,-3.0465590510295057,1.558245831054336,1.0
824,-4.696435723945752,1.7372015446392457,1.0
825,-4.63212473019045,2.1358505306712003,1.0
826,-0.7038740430684959,1.1661727113895755,0.0
827,-4.425964812948362,1.758576837860575,1.0
828,0.24845481227615704,-0.30434067713695356,0.0
829,0.8088214682548313,0.5446192787927392,0.0
830,-4.1194316079151125,1.2376579182191891,1.0
831,0.3077501080966658,-1.5247432846129347,0.0
832,-3.645470941484215,0.21225974615310905,1.0
833,0.5658276523935106,-1.6438063003137338,0.0
834,-3.432501242863369,0.7075446205918267,1.0
835,-4.8895101518030755,1.813389422460184,1.0
836,0.19492176947771164,0.5982707884750557,0.0
837,0.08642614269652679,0.8725641041777851,0.0
838,0.41389089872087304,0.781107737738999,0.0
839,-0.4880185555225217,-0.8798545966815083,0.0
840,-0.8188549380494594,-0.013121945273447925,0.0
841,-0.27458435657371555,0.22308664889849608,0.0
842,-0.1869315192764236,0.03369920533784726,0.0
843,-0.5131442743505185,0.7543317904973964,0.0
844,-4.139465244551999,1.3675255597837639,1.0
845,-3.31692364092587,1.1364785559770885,1.0
846,-3.828958202167575,1.235024424915091,1.0
847,-0.5015136404889727,-0.5652561533238695,0.0
848,0.09049092379955627,-0.15328247171266166,0.0
849,-3.9764546382670045,0.7929579432165175,1.0
850,0.13643566507267707,-0.6100431891658613,0.0
851,-0.16080202257082823,0.48147383747783706,0.0
852,-0.18718566474972775,-0.5041742372875839,0.0
853,-3.9898544348960314,1.3393836274778756,1.0
854,1.4983202349522042,-1.3471929890228411,0.0
855,-3.8751831943472035,1.8275070625269048,1.0
856,-0.19593658660752464,-0.004925929361768427,0.0
857,-4.563867398170218,2.1682812298469836,1.0
858,-0.4152299086706347,0.9218262325474786,0.0
859,-0.9832843842733067,-0.4399876845501994,0.0
860,-4.006419232220804,0.8822646583400713,1.0
861,0.9651132935692341,-0.3369472497619325,0.0
862,-3.513662144555388,0.46883819359566825,1.0
863,-2.293952891647353,0.9157489475058758,1.0
864,-3.550795956811805,0.6299417224263957,1.0
865,0.911255602178148,-0.7026962768700482,0.0
866,-4.44296726990034,0.5070041852212808,1.0
867,-5.714466532577086,1.4916387575629233,1.0
868,-1.66641548725646,0.6910403848684794,0.0
869,-5.655125390041134,1.052467362943184,1.0
870,-3.9463595988557345,1.6924072542266906,1.0
871,-0.014595674639361381,-0.4428185455234132,0.0
872,-3.9285076331471265,0.7363096454491032,1.0
873,1.0529916922452351,-0.0797930533857552,0.0
874,-4.525551574160023,0.9317987217629337,1.0
875,-3.184178561914443,1.3857813563241006,1.0
876,-4.196850810928479,0.7748625018957347,1.0
877,-0.12414220569838304,0.5281073472484693,0.0
878,0.6173612955569124,-0.04337220453600294,0.0
879,-0.021460843116132677,1.4284472107318502,0.0
880,-3.900316766217976,0.740725602103711,1.0
881,0.5140983671416147,-0.3906153559800881,0.0
882,-3.8514543978903926,0.7867186443730885,1.0
883,-4.737516645213094,1.109608160237785,1.0
884,0.6206459318889108,-0.5977275842226397,0.0
885,-1.1710824608889612,-0.39593503783769873,0.0
886,-0.45472251625509963,-0.030050456570893253,0.0
887,-4.49031953751159,2.1080905406653283,1.0
888,0.3219579123400941,0.24281727336858017,0.0
889,-0.31732191213366917,0.10422711179221406,0.0
890,0.6703700794129142,-0.9383427809038597,0.0
891,0.7128178754113811,0.19016556715490976,0.0
892,-4.252201528409252,0.4818719303968596,1.0
893,-4.24891078929257,1.0137022203292936,1.0
894,0.5812466358666872,-0.4382142573347759,0.0
895,-0.7169920831611961,-0.3002458003825584,0.0
896,0.5479211545513065,1.3267825999436957,0.0
897,-3.497031296629426,0.7741530241835068,1.0
898,-4.486475398624693,0.6193527900251194,1.0
899,0.09296845541814978,0.22689751176130413,0.0
900,-0.31051142550624194,-0.5872979156152619,0.0
901,-0.9014379416290276,-1.0666001728402237,0.0
902,-4.483592048527541,0.6417354949567934,1.0
903,0.5213780921380772,0.16612314350767682,0.0
904,0.26132769557739216,-0.35953456647583165,0.0
905,0.3255664700992778,0.429563336062195,0.0
906,-1.0237621143750075,1.1704652371390738,0.0
907,-4.402247555979327,0.5331645384692276,1.0
908,-0.7065773774895785,-0.6841177805609769,0.0
909,-4.191767493553139,0.9266616729265444,1.0
910,-0.3824622153313374,-0.2383630885972786,0.0
911,-4.19370883394384,0.2594034434893708,1.0
912,-3.4130407665232427,0.3546172769720042,1.0
913,-3.7694126682372193,1.2284311672487085,1.0
914,-0.2801073276316575,-0.8501436678757557,0.0
915,0.2394278073840781,-1.6635556538559901,0.0
916,0.0008826001472464838,-0.46002291272214013,0.0
917,-3.958561919949746,0.3008881527935407,1.0
918,-4.643009208616065,0.6416626322439047,1.0
919,-0.08925969134020754,0.057602522981862005,0.0
920,-4.43536583906619,-0.16663597259031093,1.0
921,-0.13016974196198938,0.2672359505368784,0.0
922,0.564550568745068,0.24312244819373283,0.0
923,-3.6667879438403412,-0.34476948571154575,1.0
924,-3.6274810989915958,1.4150279004896602,1.0
925,0.6771564387087411,0.2976005678063773,0.0
926,-3.4046188681915357,0.44679501435596963,1.0
927,0.19165909999891836,-0.0826675285714624,0.0
928,0.2438492962057237,-0.11590602092990393,0.0
929,-3.7282364367101093,0.7552100942606685,1.0
930,-4.76239318231282,-0.16966492520509102,1.0
931,-4.295852846153728,-0.44183647678710747,1.0
932,-4.31585634788005,1.2639789848298222,1.0
933,-0.0815698204069925,0.6821348175616172,0.0
934,0.21285461586793084,0.3701319326359673,0.0
935,-4.644448730387642,0.646583733997627,1.0
936,-3.6161516963204345,-0.8104382117819608,1.0
937,0.7088271607729715,-0.3791422548031004,0.0
938,-0.5443790186299453,0.03116723747768337,0.0
939,-0.5089923136831395,-0.1954016812921045,0.0
940,0.4142574146298294,0.4780032650188028,0.0
941,-0.5110375183521539,1.0936341600767756,0.0
942,-4.445238897949343,0.13860964162625986,1.0
943,-5.080814049066817,0.7146257331832058,1.0
944,-3.999410599215189,-0.19962619837147785,1.0
945,-3.408662788293868,-0.7204200635333247,1.0
946,-0.6876002559044659,0.028239656795096213,0.0
947,-5.023128200767064,0.5563856983190252,1.0
948,-4.114592204008267,-0.18151190465763392,1.0
949,0.288254697670672,-0.580911638344263,0.0
950,-0.16931752601426106,-0.6949219111104173,0.0
951,-0.24191298410971998,0.5696433142759312,0.0
952,-0.27078182226151565,0.15941278497974154,0.0
953,-4.343352100045707,0.48310620162281354,1.0
954,0.45344417333672554,-0.32347958205179395,0.0
955,-4.356400541796273,0.4534303598445825,1.0
956,-4.007101762170676,0.5773287172489472,1.0
957,-1.5317938895004473,0.39217115726421636,0.0
958,-3.476450443985776,0.28759232857353845,1.0
959,0.1653604043904338,0.8610296320734927,0.0
960,-4.118494463605281,-0.4649294667275352,1.0
961,-0.46691011287367334,1.0420649741860264,0.0
962,-0.31919628564669705,-0.5737550534593696,0.0
963,-1.343762435197042,0.2408994330541725,0.0
964,-0.4385241515708315,-0.9850219372858704,0.0
965,-0.6205457050706787,0.4089567109689762,0.0
966,-3.957374938156966,-0.28354018146607496,1.0
967,-3.4345916363036038,-1.2156541848222329,1.0
968,-4.446835922686257,0.569620017135616,1.0
969,-0.25338889447516244,0.06282841765997059,0.0
970,-4.552686137110103,1.0015416463942,1.0
971,-3.322738171873315,-0.882941957680743,1.0
972,0.4663661782607732,-0.17462487796381546,0.0
973,-3.9123196716304585,0.4189821073626087,1.0
974,-4.170485881945601,0.28873030961095936,1.0
975,-4.0121437143101835,-1.1009260380849244,1.0
976,-4.222078758593165,0.3241713598182472,1.0
977,-4.703264092462981,-0.4147950761833008,1.0
978,-0.20986930806692214,1.2140831698619843,0.0
979,-4.465702817189853,-1.103237265450449,1.0
980,-0.3548416006848665,0.6746515107062209,0.0
981,0.6759815532639042,-0.647958905018054,0.0
982,-2.262404314457745,-0.6202831237360936,1.0
983,-3.8696708308402505,0.2757450962238987,1.0
984,0.03310281286813904,0.17938647367141056,0.0
985,-0.4694201801412538,0.37507119386023813,0.0
986,0.9473191166498929,-0.4773003300319746,0.0
987,0.14089291556923914,1.2792920463422661,0.0
988,1.3555853704145113,-0.025354290996385614,0.0
989,-0.6885665669058811,-0.21486844528791404,0.0
990,-3.0250488576343435,-0.1893081684846988,1.0
991,0.46361690226142904,-0.9969589746687382,0.0
992,-3.7398588872274914,-0.8189797977043294,1.0
993,0.4907865643528834,-0.16734856506194387,0.0
994,0.17058871139876672,0.2492403757026761,0.0
995,-0.7352613112981008,0.5066177858409282,0.0
996,0.09390392277922535,0.13930862172016545,0.0
997,-4.1501415799903265,0.4539614649498437,1.0
998,-4.54510162829984,-0.6272443168829994,1.0
999,-3.8884523229257963,-1.29471025491926,1.0
1000,-0.24077868308010603,-0.18999317703126414,0.0
1001,-0.4734613081539901,0.0007490734730919631,0.0
1002,-3.977574336618403,-1.5056010099959094,1.0
1003,-0.8711433176590484,0.22932167267117615,0.0
1004,0.5582450976666697,-0.10518984139621197,0.0
1005,-0.7133155546704173,-0.3040898125792125,0.0
1006,-0.009409266961532861,0.09655690097893378,0.0
1007,0.01876052821654169,-0.05526726881517355,0.0
1008,-0.3045105609944142,-0.6311280615310043,0.0
1009,-4.0856303841526564,-0.17220927353695914,1.0
1010,-0.6291317790402555,-0.852010762307385,0.0
1011,-5.517384663734225,-1.0518557291790658,1.0
1012,-0.5372799367162053,0.2321414987155572,0.0
1013,-2.692682107566619,0.3238002714513666,1.0
1014,-4.27923079448711,-0.42998805274059615,1.0
1015,-0.027422376396140914,0.13230459345430398,0.0
1016,0.6589821244395074,-0.0827035071576563,0.0
1017,-3.72103718196856,-1.3176302567445772,1.0
1018,-3.640319206453436,-0.5284239118660804,1.0
1019,-3.618424131140341,-1.6556772901649546,1.0
1020,0.19147104005176943,0.1843588683033546,0.0
1021,-3.874194685607167,0.46346870157045017,1.0
1022,-1.1617678835079042,0.11326715807629713,0.0
1023,-4.165631802444593,-0.37033050068876916,1.0
1024,-0.5167354110328215,1.1460389718594202,0.0
1025,-0.6188894761891546,-0.857994755211269,0.0
1026,0.860011501729195,0.2510388067855155,0.0
1027,-3.5192482745982288,-0.6444266718520872,1.0
1028,0.32052070250746284,0.19073105834290896,0.0
1029,0.08508398349207268,1.100061217089407,0.0
1030,0.44831300052277906,-0.7133669731222416,0.0
1031,-0.6944131555145121,-0.18737535067541597,0.0
1032,0.006300012432492287,1.0715222963435012,0.0
1033,-0.562728138690871,0.2598647718908062,0.0
1034,-3.6875625286201066,-0.8327347175806572,1.0
1035,-3.4045929676611326,-0.07564282571775449,1.0
1036,-0.21933065399162238,0.5628555245433873,0.0
1037,-3.88885308092989,-1.2856057077947418,1.0
1038,-4.188130597269002,-0.5363777566789494,1.0
1039,-0.3064830825413238,-0.7083793104734473,0.0
1040,-1.3073589121169455,-0.3777902561641087,0.0
1041,-3.273143726978508,-1.4950905302963307,1.0
1042,-3.9371023405917622,-0.6035944433693231,1.0
1043,-4.264352548477314,-0.994928072762588,1.0
1044,0.11382156724799744,1.0215420913450748,0.0
1045,-0.036172520183471425,0.16684862878076637,0.0
1046,-3.4243806428724612,-1.3052324967384201,1.0
1047,-3.4092166988639994,-0.26226032921880693,1.0
1048,1.4707378314450457,-0.126723590178912,0.0
1049,0.11000351955456075,1.0025658196733143,0.0
1050,-0.15698726742654043,-0.10934687027396577,0.0
1051,-3.40779598999132,-0.7612952484197886,1.0
1052,-0.685140851522308,-0.7865822222647274,0.0
1053,0.1364075700860886,0.9685497283681364,0.0
1054,-0.7222411153198677,0.25022610178056215,0.0
1055,0.725910075846183,-0.8436628628346065,0.0
1056,0.04051011430459491,0.4665624827417472,0.0
1057,-3.2349772097940184,-1.9237474814168487,1.0
1058,-0.854436545389519,-0.29599193001731644,0.0
1059,-4.6844990594765274,-3.018926339068825,1.0
1060,-4.954082800912248,-0.5096806423362639,1.0
1061,-0.4317626331310757,-0.48779579313244636,0.0
1062,-0.6258776988212134,-0.5142469132026988,0.0
1063,-1.0381656369300514,0.35324544408450387,0.0
1064,-3.919602647031664,-0.6415122729456819,1.0
1065,-4.360010025697822,-0.08888632041517108,1.0
1066,-4.619710189526136,-0.0837757668242638,1.0
1067,-3.156493369296905,-1.0617764205546822,1.0
1068,-4.042822235899746,-1.7287824918327983,1.0
1069,-4.88748680987329,-0.6549263396633281,1.0
1070,0.9888809593245357,0.09853665329240037,0.0
1071,-1.209843976679856,-0.32367278002470085,0.0
1072,-3.2773074131378883,-1.1288714870168062,1.0
1073,-3.1333846139975505,-0.7762115459501975,1.0
1074,-4.348952404964358,-1.0326963987161975,1.0
1075,-4.417395273651138,-0.6653721744361576,1.0
1076,0.11878037396698046,0.6491611310863591,0.0
1077,-4.597910973969846,-0.8182720287161784,1.0
1078,-0.4319643192851368,-0.5361446413885147,0.0
1079,-4.137201321943277,-1.3966110633022535,1.0
1080,0.20343555356545825,-0.3537792251706179,0.0
1081,-3.097847659296336,-1.1112900643492403,1.0
1082,-0.11025343814999534,0.4947709317830806,0.0
1083,-0.1097429885141706,0.5377490552136955,0.0
1084,-4.31549397545014,-0.253717130212217,1.0
1085,0.5696524841554564,0.052530744831114536,0.0
1086,-4.134336352124708,-1.0846838415912305,1.0
1087,-3.9317392982258625,-0.7978863856155992,1.0
1088,-0.8941592327443789,0.8976837821709792,0.0
1089,-3.7243626253721738,-0.22822885657755698,1.0
1090,-3.893095285969417,-1.7367198444158523,1.0
1091,-4.3313802065617635,-2.2287534706788654,1.0
1092,-3.9962444193825926,-1.3734057703023013,1.0
1093,0.8311569280333383,-0.1818589520544436,0.0
1094,-3.511156578240541,-2.3337936903162264,1.0
1095,0.5901817174735077,-0.05136897253829825,0.0
1096,-0.5139295849405257,-0.9249524398030724,0.0
1097,0.1289793543756561,0.05833153920175081,0.0
1098,-0.16540232073633418,-0.4258367795081329,0.0
1099,-4.888477804789661,-2.4565210735350855,1.0
1100,0.28613902135333347,0.08906974882804684,0.0
1101,-0.09460020969828954,1.3540340983789256,0.0
1102,-3.538832486678226,-0.6132125672188093,1.0
1103,-3.3688261267693345,-0.7900493507093926,1.0
1104,-0.1658597070095023,-0.15574618910042365,0.0
1105,0.7914821257809453,-0.5294512911299512,0.0
1106,0.030572566206773698,-1.0765375628938325,0.0
1107,0.29923617498715915,-0.4427590681447379,0.0
1108,-0.6760954852540461,-0.43840665171889487,0.0
1109,0.12401430702480197,0.3186255041868358,0.0
1110,0.9556624526504901,-0.15514357900606274,0.0
1111,-0.03515193068031651,-0.19052585635811956,0.0
1112,-2.8897625789859718,-0.6926972883354104,1.0
1113,-0.9628431179165922,0.8752288498055961,0.0
1114,-3.9042053743611884,-2.1365251371348726,1.0
1115,-4.005488149182018,-1.2237220247545446,1.0
1116,-3.35080557461317,-1.986751814960291,1.0
1117,0.9185594106172947,0.055468641281885146,0.0
1118,-0.07089842707714185,-0.4081069223981102,0.0
1119,-4.119368622432523,-1.6395507095225847,1.0
1120,-0.4538961173284489,0.1809084344380597,0.0
1121,0.907996849543923,0.33187923852455037,0.0
1122,-3.2243550280378024,-1.9453042889488885,1.0
1123,-0.03697584125738844,-0.0643831657747048,0.0
1124,-3.0129184549366954,-1.1163054465790356,1.0
1125,-0.5684931569441277,0.14666607357697956,0.0
1126,-4.223974997930693,-2.2807746366900923,1.0
1127,0.21106806640881495,0.22754132012135203,0.0
1128,-3.25885195747841,-2.023688218934343,1.0
1129,-3.5691178692751877,-1.5819357339250977,1.0
1130,-4.4469210489940965,-1.8047249012541389,1.0
1131,0.13347789840516405,-0.05302531391949298,0.0
1132,0.36715631563869466,-0.8048980353498255,0.0
1133,-4.631676864543288,-2.966891455245351,1.0
1134,0.14472237853137151,0.6766701780766814,0.0
1135,0.1156373978998361,0.41786320403486354,0.0
1136,-2.824278025882638,-1.4421038460136657,1.0
1137,-3.069977559877879,-2.428545817013079,1.0
1138,-3.6324738582979443,-1.6607732927389505,1.0
1139,-0.2645535793755548,-0.16821329711070546,0.0
1140,-0.061927650877024544,-0.6308342391960388,0.0
1141,1.0647951365839998,-0.23589191685246771,0.0
1142,-4.174127521046776,-2.5120711990334876,1.0
1143,-3.3945983201917307,-2.186227503824264,1.0
1144,-3.755225067489718,-2.0134036699455544,1.0
1145,0.2714934555837878,0.05873768724757625,0.0
1146,-2.553968986888642,-0.9815634219938296,1.0
1147,-0.3057913090509921,-0.2628445809667118,0.0
1148,-3.396765171898895,-2.323528160124642,1.0
1149,0.7946152499975034,-0.10332047561812957,0.0
1150,-0.9548687252748188,0.0019333298658934194,0.0
1151,-0.5536939889980967,-0.870803098914615,0.0
1152,0.21381983830464113,0.42394390091516887,0.0
1153,-3.5584293999198824,-2.153223814317277,1.0
1154,-3.242328611023707,-0.8040211216947013,1.0
1155,-3.903577922343534,-2.5686945434215387,1.0
1156,0.754646530497623,-1.2519809876523256,0.0
1157,-3.5597054895674476,-1.6707598469358753,1.0
1158,-3.201290778953173,-1.479187715990009,1.0
1159,-4.3943275795688574,-1.1778355430361702,1.0
1160,-1.5955033427980445,0.3637917146156284,0.0
1161,-3.222224200582479,-1.8503605315550786,1.0
1162,-3.5539713788809535,-1.7522653263182224,1.0
1163,-3.4355101890827373,-3.149876100478253,1.0
1164,-3.7602419017958937,-2.335306495482995,1.0
1165,-3.2064089949187684,-1.348696156561123,1.0
1166,0.04115953648839631,-0.16336566068704836,0.0
1167,-0.4852305191877202,-0.662474391479557,0.0
1168,-2.8191412147022303,-2.2723198909343005,1.0
1169,-3.4564695724734618,-2.1828236289897602,1.0
1170,0.6051583721160622,0.3165584296645895,0.0
1171,-2.901608494100071,-2.608290459503223,1.0
1172,0.6488256206749138,-0.37882559306963326,0.0
1173,-0.5274963773010449,-0.1386609645557979,0.0
1174,-0.18047032588561626,-0.3963651563861952,0.0
1175,0.28103114056623096,1.041527398611428,0.0
1176,0.09280130018779931,0.624941033291149,0.0
1177,-0.7307631069558905,-0.18297818271265226,0.0
1178,0.18499874757560714,-0.8268500802384463,0.0
1179,-3.4102413761216415,-3.0511636739780705,1.0
1180,0.7950084317320891,0.12319953826677581,0.0
1181,-0.2572212393514973,-0.38270433388415054,0.0
1182,-0.6025936273287681,-0.5989150369391184,0.0
1183,-0.4743138130998463,-0.5443800729151962,0.0
1184,0.492193078356853,0.8159691250076906,0.0
1185,0.23059404312674717,0.6058271128870286,0.0
1186,0.02220343314608972,0.4607414446396222,0.0
1187,-0.5543472094860012,0.8472910189791785,0.0
1188,-0.45327763581938,-0.7207209114104335,0.0
1189,-2.408209091640802,-2.885899474398602,1.0
1190,0.3998298492191486,-0.27643187243313194,0.0
1191,-3.0932483815156986,-1.6695996526580932,1.0
1192,-0.6701697322480341,-0.021178043761749334,0.0
1193,-3.441173056873382,-2.451297171950533,1.0
1194,-3.552413668273615,-2.1109069602675588,1.0
1195,-2.5102007790323766,-3.1003131660027448,1.0
1196,1.5723443076109436,-0.4484839068392276,0.0
1197,-0.03621749663540319,-0.4266243580746667,0.0
1198,0.580060806699876,0.3048407456348866,0.0
1199,-3.380309473460688,-2.555313692309969,1.0
1200,-2.4861078432116255,-2.5731616803731696,1.0
1201,0.33357760782587875,0.5354843323989181,0.0
1202,-2.487966114172366,-2.8411253052781236,1.0
1203,-3.1732023538448133,-2.22514401879097,1.0
1204,0.2157026397426061,-0.08674009016024156,0.0
1205,-2.8365833647846603,-1.98746793020243,1.0
1206,-2.9305129069442293,-3.013051077294183,1.0
1207,-3.0861266263725997,-3.0869431076763285,1.0
1208,-0.2804959041947121,-0.5174959798348403,0.0
1209,0.1437496559138348,-0.22188069978228192,0.0
1210,-0.24093452669960616,-0.2810856268078339,0.0
1211,-0.5596445464766266,-0.7578410094613652,0.0
1212,-0.6990899044700138,0.5404958921725123,0.0
1213,-3.370264647378895,-2.124718793160801,1.0
1214,-2.0903042773030083,-2.2510150579617183,1.0
1215,1.03963271215148,0.41070066411551426,0.0
1216,-4.169053648941517,-2.727664701432785,1.0
1217,-3.727527087874349,-2.123796977479013,1.0
1218,-2.8506483148740913,-3.08724858767417,1.0
1219,-3.177792233174816,-3.0723711561258247,1.0
1220,-2.892585725780877,-2.4865075648375066,1.0
1221,-0.5508028618914272,0.15149797624612346,0.0
1222,-1.6813216790350278,-0.7130546529498115,0.0
1223,-0.3768525357849473,-0.28861627107647264,0.0
1224,-3.7553505462498737,-4.276333244714314,1.0
1225,-2.23498053631178,-2.913671421261137,1.0
1226,-0.21695956846897188,0.638751081676711,0.0
1227,-3.145349953805985,-1.942620223642046,1.0
1228,-0.09795296929990724,-0.05187316962662828,0.0
1229,-0.04094496319477874,1.0280056329896199,0.0
1230,-3.1798135721303638,-2.0275053907789693,1.0
1231,-2.519454008400516,-2.5401479533701097,1.0
1232,-0.20441540632675828,-0.7579037472510926,0.0
1233,-2.9132241468993896,-2.9353990258708857,1.0
1234,-2.574698369105472,-2.5369174240799164,1.0
1235,-0.23543339888978204,-1.827685832879956,0.0
1236,-3.1806305219154227,-2.345488684743462,1.0
1237,-3.042367224277088,-2.480127241642081,1.0
1238,0.5103184101140629,-0.5034745143595641,0.0
1239,0.06034872523737791,0.32349676446851794,0.0
1240,-2.9901181598502387,-2.38043927788471,1.0
1241,0.2535482233637296,0.328488343262799,0.0
1242,0.26570766824804337,0.1310382438779622,0.0
1243,-2.4947342180796612,-3.2742153353258745,1.0
1244,0.7966696175747898,-0.06076889173043961,0.0
1245,-2.2023745602017275,-4.336003756355779,1.0
1246,0.38407891565855523,-0.9701736265865006,0.0
1247,-0.866964119444023,-0.726325796474011,0.0
1248,-3.500467174191526,-2.6443417045333524,1.0
1249,-1.96505206674623,-2.6383386707923533,1.0
1250,0.46126238663968494,-0.2527965523948083,0.0
1251,-0.8679208197380327,0.4801787696040165,0.0
1252,-0.3623037316776906,-0.6897324379542709,0.0
1253,-0.4993116204900372,0.10340348353751326,0.0
1254,-0.2974772967271256,0.7299466282457642,0.0
1255,-1.4625386155196136,0.668954735694168,0.0
1256,0.11592813194021787,0.7784052534557343,0.0
1257,-0.26109213103298246,1.1095582370876051,0.0
1258,-2.7050963085412394,-3.2153354504035643,1.0
1259,-3.7465762110045673,-3.3415889011380835,1.0
1260,-3.093420993764073,-2.3053487881195407,1.0
1261,-0.9244782086667749,0.03795719652019903,0.0
1262,-3.057890883094835,-3.2530629876027217,1.0
1263,-0.5742948589652461,0.6083832924672968,0.0
1264,0.5654808715322363,-0.1605568477412086,0.0
1265,-2.1603113272481154,-2.1951034570332855,1.0
1266,-0.4780651837837805,0.9288400808272431,0.0
1267,0.1734723031672873,0.2477224922677048,0.0
1268,-3.1408926807745035,-2.9073018678152884,1.0
1269,-0.3274271844106694,-1.1307515069876686,0.0
1270,-2.8471940883752844,-3.273022860083515,1.0
1271,-3.5481066353664765,-3.3919412301680927,1.0
1272,0.010509367966931001,0.1941754587654712,0.0
1273,-2.639199045303507,-3.953698866862852,1.0
1274,-2.5466587455148018,-3.546277292177937,1.0
1275,0.5591090244685821,0.2039789902807572,0.0
1276,0.21342210943439066,-0.2863717622419376,0.0
1277,0.49473433173854187,0.31870701992141715,0.0
1278,-1.165303210044413,-3.271475958973635,1.0
1279,-1.7736902477307104,-2.3906452532214137,1.0
1280,-3.280184673568398,-3.354780655071601,1.0
1281,-3.8029718799693804,-2.746859935006431,1.0
1282,-2.3346801105566053,-3.7480940697425345,1.0
1283,-0.2976614003895374,-0.04488298960820464,0.0
1284,-0.4167407158388193,-0.08978072419660245,0.0
1285,0.26821449413140697,0.06343199728029296,0.0
1286,-3.1646510885964734,-2.568510132035219,1.0
1287,-0.551790414037597,1.585761432608845,0.0
1288,-2.1949925296683857,-3.5091072045756104,1.0
1289,-0.014053863012871301,0.6475168368674935,0.0
1290,-2.336479880836769,-4.147242963957335,1.0
1291,0.12914428058376687,-0.6038193130071302,0.0
1292,-1.8261286590418604,-3.1759950214813624,1.0
1293,-2.2134425639796875,-3.7894055402085502,1.0
1294,0.11939369664311264,1.1932391511572347,0.0
1295,-1.0782987692373711,-0.48135190303848646,0.0
1296,1.4298868649183651,0.5666876921942483,0.0
1297,-1.6276709652538042,-2.755559181502084,1.0
1298,-0.665686532181687,-0.32851086040765903,0.0
1299,-0.41040653864232995,0.9957304777139232,0.0
1300,-0.23212250811038793,-0.3061756437801771,0.0
1301,0.4389953562182355,-0.03929302508668979,0.0
1302,-2.6701187260659327,-4.626739136866066,1.0
1303,-1.7390100621940543,-3.3522103811275574,1.0
1304,0.058634980628913355,0.34977220785197616,0.0
1305,-0.26351371308128874,0.10880305753069276,0.0
1306,0.1452707765910738,-0.5332321544121784,0.0
1307,0.6925104182964115,0.10350264989571954,0.0
1308,-3.900176570978153,-3.4219379173756295,1.0
1309,0.12305197513911229,0.6969202821354703,0.0
1310,-2.5175941708375733,-3.290490067795777,1.0
1311,0.4224666132849493,-0.8974077097542097,0.0
1312,0.02334522351372902,0.37593855044721636,0.0
1313,-1.9277000087714147,-3.069045366182719,1.0
1314,0.07914705347244733,-1.1883393546413639,0.0
1315,0.6130743513532039,-0.3315244040500375,0.0
1316,-0.4820457985043046,-0.4137298666501203,0.0
1317,-1.7042442973523617,-3.017431235075848,1.0
1318,-2.045373394544178,-2.342865236513788,1.0
1319,-1.6392297288082935,-3.9249135810950744,1.0
1320,0.6601706029322242,0.7788131833957327,0.0
1321,-0.0968241217666675,1.0766692831350442,0.0
1322,-1.5828130362850292,-3.517052890956664,1.0
1323,-2.2631449900608445,-3.926634681694087,1.0
1324,-1.3197406094283335,-2.566943661412746,1.0
1325,-1.2516746569859456,-3.092686338308414,1.0
1326,-2.259696361166248,-3.239120380315878,1.0
1327,-0.0802209358010635,0.6466462835857576,0.0
1328,0.46395178644155977,-0.7103283841159906,0.0
1329,0.527633965148022,0.3812547159323973,0.0
1330,0.8589406544695745,0.8773285024682517,0.0
1331,-1.9611281397451215,-3.715448854987394,1.0
1332,-2.802762149771071,-3.3900371545251247,1.0
1333,-2.0962144122897564,-2.7409410383392085,1.0
1334,-1.5823126669327119,-3.512775958328409,1.0
1335,-2.3324033015673966,-3.9322711511636097,1.0
1336,-0.44373779783478795,0.9258087572440414,0.0
1337,-1.9809522945546352,-4.242592124798047,1.0
1338,-1.6580192244008782,-3.6648474273086245,1.0
1339,0.6597957575322678,0.3931582384335587,0.0
1340,-1.1188062398042282,-3.2416278592901033,1.0
1341,0.3355793888345306,-0.6382173546153287,0.0
1342,0.3139659963190522,-0.10292779873334885,0.0
1343,-1.7179719926033303,-2.8489431526087667,1.0
1344,0.5254996569523985,-0.06906448109233602,0.0
1345,0.45239488018708773,0.6391892952587969,0.0
1346,-1.8143981022632247,-4.1026601741455035,1.0
1347,-1.3527754739637778,-4.1785730855052625,1.0
1348,-1.3904401174735836,-3.9312605999934433,1.0
1349,-0.7359729956379693,0.580467690030141,0.0
1350,-1.9984182413056555,-2.5186078762151283,1.0
1351,-2.2014041210392286,-2.870633852197348,1.0
1352,-1.4877345745961152,-4.296362585255933,1.0
1353,-2.0425057245541542,-3.6544334093947155,1.0
1354,-0.692178007754321,-3.906011894012241,1.0
1355,0.462403832678006,-0.07826384026999639,0.0
1356,-0.47965343972585794,0.14447250584516305,0.0
1357,-0.02356079462277191,-0.569359686509858,0.0
1358,-0.7895444463069127,-0.27695076288882536,0.0
1359,0.45869847182012013,-0.16102364112562872,0.0
1360,-1.7060158633439988,-3.472744778371814,1.0
1361,-0.5735670002956662,-0.20758906541963185,0.0
1362,-2.0744278828423797,-3.292501959563165,1.0
1363,-1.2363485387310789,-3.991883532426693,1.0
1364,-0.799326992756701,-1.181174813871612,0.0
1365,-3.1581822469077654,-4.355281766564864,1.0
1366,-1.9298618398971932,-3.030073646661111,1.0
1367,0.17087435948061788,-0.18562655573001682,0.0
1368,-0.4015955729112193,-3.838831253959278,1.0
1369,-0.9478994382162165,-3.8446930656246767,1.0
1370,-0.6220304685595912,-4.177441613214575,1.0
1371,-1.3379254336524615,-4.471436620306698,1.0
1372,-0.7792120332978542,0.7656452076037125,0.0
1373,0.25846268096738484,-0.0899349550398836,0.0
1374,-0.00891462201282163,0.49284356221488673,0.0
1375,-2.1331906857782528,-4.454989508845148,1.0
1376,1.1205347940899804,-0.5863667279258465,0.0
1377,0.6270140253016143,0.3594237158257104,0.0
1378,-0.7585076878995473,-3.74604136728841,1.0
1379,-2.250472408920327,-3.8993295692471714,1.0
1380,-0.43742679527681744,0.11793444043727094,0.0
1381,-0.051069361511643444,-0.33858061998129624,0.0
1382,-1.4284812087322232,-3.520936757310494,1.0
1383,0.8225934037746728,-0.30590594528308745,0.0
1384,-0.5827023988946344,0.8557901164722164,0.0
1385,0.3139570432128461,-0.3225500211348371,0.0
1386,-0.8087552535774722,-0.4569440329539354,0.0
1387,-1.22156882976679,-4.114361303518609,1.0
1388,-0.18357154505903514,-0.26308467482076364,0.0
1389,-1.2852108572131495,-3.832829565008416,1.0
1390,-1.180347066406757,-4.397841359662977,1.0
1391,-0.26926020786329946,-1.046512653932373,0.0
1392,-0.5826627422666908,0.18889032270949427,0.0
1393,0.5700530505153536,-0.09081432497861873,0.0
1394,0.4127288347048527,0.029914359959893586,0.0
1395,-0.8731466852038812,-3.3186188930415077,1.0
1396,-1.6654224645737261,-3.752713115915737,1.0
1397,-1.897804467872359,-4.060907165973637,1.0
1398,-0.7900327462289869,-3.1334669895269753,1.0
1399,-1.1218443827129776,-3.2230172301021756,1.0
1400,0.49295142722987745,0.003175587779616512,0.0
1401,-2.1272706681605067,-3.60303707707781,1.0
1402,0.691398938869872,0.6477711552220926,0.0
1403,1.2979415695684138,0.8019167696618351,0.0
1404,-1.5345065619405285,-3.0840139593571703,1.0
1405,-1.3355611214986791,-3.095831625427009,1.0
1406,0.018327948624370132,-0.022130118507040168,0.0
1407,-1.6835632975521684,-4.521872274027783,1.0
1408,0.17180621333536775,0.3653063006852704,0.0
1409,-0.5623332919263637,-2.7282783061578106,1.0
1410,-0.9385773069827202,-3.3118201254349104,1.0
1411,-0.6161644199619867,-4.640564710361337,1.0
1412,-0.21666788084391966,0.36537740499271454,0.0
1413,-0.5457678612029746,-3.6867094598568486,1.0
1414,-1.0647421431605142,-3.7685817634951095,1.0
1415,0.37513887061631246,-0.9612345933640485,0.0
1416,-0.8638209137133598,-3.970697785850781,1.0
1417,-0.634484188680918,-0.3335910191273804,0.0
1418,-0.017372193372702682,-3.2020401235851175,1.0
1419,0.1516821032514927,-0.24480882542393811,0.0
1420,0.12554785433459315,-3.5716183010605502,1.0
1421,-0.7454517487397232,-4.4909628520948095,1.0
1422,-0.17340312657253978,-1.1991836853500235,0.0
1423,-0.5756759402505857,-4.057043336196975,1.0
1424,-0.32013860989940374,-3.9511661411883106,1.0
1425,-1.5253646616026264,-4.201472550678094,1.0
1426,-0.6271520196881728,0.7266871738096204,0.0
1427,0.2797740261301137,1.0288989652056257,0.0
1428,0.6019820745986975,-3.67329710211469,1.0
1429,-0.776584622458301,-3.7756519306584813,1.0
1430,0.19834605376462439,0.5695478841349414,0.0
1431,0.760446992891194,0.2996989400811957,0.0
1432,-0.9216161380535351,-3.5375210871697584,1.0
1433,-1.1034410032337432,-4.051738556677855,1.0
1434,-1.5879941092537422,-3.41586524628433,1.0
1435,0.16472896223375988,-4.819293957424723,1.0
1436,0.4374543373065221,0.07738974645444639,0.0
1437,-0.5044923080042458,-4.0383891034408625,1.0
1438,-1.511746901174682,-4.145211175593094,1.0
1439,-1.017515002603713,-2.98990171509611,1.0
1440,0.9789584565193629,0.22665550183843072,0.0
1441,-0.03723187547900042,0.7555002777664882,0.0
1442,-1.0380431072929253,-3.7730052822323596,1.0
1443,0.3775783222255484,-4.799889825345925,1.0
1444,-0.7834273956356532,-4.5907023014002695,1.0
1445,-0.8492819388257229,-4.359520073520374,1.0
1446,-0.3959656230614026,0.1278103004579324,0.0
1447,0.05238322358271141,-2.383978893905203,1.0
1448,-0.36945523303504385,-3.860551459744707,1.0
1449,-0.5580939015145927,-0.10715345525239749,0.0
1450,-0.330451464819192,-4.8762133438221476,1.0
1451,-0.35008322498256633,-3.5094567137570545,1.0
1452,0.211689963896627,-0.09166465412724521,0.0
1453,0.09693556034290078,0.9380428470173576,0.0
1454,0.27438578803248675,0.577405046888607,0.0
1455,-0.34168698933153835,-4.521959742411666,1.0
1456,-1.0945940015918618,-3.5143611290513284,1.0
1457,0.40219522124722606,-3.630099818085958,1.0
1458,-0.03448171107923678,-0.23473023130440973,0.0
1459,-0.22843075860104833,-5.222452326054691,1.0
1460,-0.35919236215379163,-0.6695381915762366,0.0
1461,-0.01999156970709177,-0.9184820984396955,0.0
1462,0.013493485693747503,-3.105965062251021,1.0
1463,-0.5374894562464962,0.32899687829878793,0.0
1464,0.2506292860516542,-4.2284088688512185,1.0
1465,-0.17498519181110675,-1.044613685015341,0.0
1466,-1.1632448966717135,-4.631993652083406,1.0
1467,1.038697236232245,-3.000247195986282,1.0
1468,-0.9638638136698996,-0.8238321216251571,0.0
1469,-0.5146215738281364,0.08127279791398832,0.0
1470,-0.6036221147522349,-0.49292989536187953,0.0
1471,1.9021871309786882,-4.905284163442589,1.0
1472,-0.4522226797083605,0.08261389554200839,0.0
1473,-0.25383999940501395,-3.6012204417512623,1.0
1474,0.581879162793619,-4.250334057276181,1.0
1475,-0.14196295404871323,-2.844511612838674,1.0
1476,0.9196675286150745,0.881615261940171,0.0
1477,0.6234578642270355,0.2874571344589371,0.0
1478,-0.0030900213776228896,-4.050489475819292,1.0
1479,-0.36445882832820525,-3.3489091668185518,1.0
1480,0.6028889050057631,-3.0748419225877073,1.0
1481,-0.5845901699686633,-4.176626489720479,1.0
1482,-0.7600663513997623,-4.039968233850334,1.0
1483,0.291779901830126,-3.4708815081460633,1.0
1484,0.347112898637327,0.2097926741959044,0.0
1485,-0.4353584270781506,-0.8300183732370332,0.0
1486,-0.35889027150989145,-0.9120235711152381,0.0
1487,-1.00873092929666,-0.5333828148572699,0.0
1488,0.12808802934610133,-0.7251441922399328,0.0
1489,-0.4415665468289526,-3.577950042891664,1.0
1490,0.34595448996896455,-0.12497925334679692,0.0
1491,0.5181117950287888,-0.48285224438272156,0.0
1492,0.0270995135632986,1.1156078003109768,0.0
1493,-0.21239634675209038,-0.8249707760508113,0.0
1494,0.007339190183290431,0.9415557687215426,0.0
1495,0.01489252494979218,-3.4699436050242465,1.0
1496,-0.800555082841652,-0.8080305034785332,0.0
1497,-0.7486560652831669,-4.119103880816763,1.0
1498,-0.27244821750936304,0.051571184060630805,0.0
1499,-0.7277206897254148,0.1702617326300073,0.0
1500,0.7849743004281946,-4.939599599717254,1.0
1501,-0.4732015527056197,0.6567830248272548,0.0
1502,1.3044591759078696,-3.5630510189584834,1.0
1503,-0.007142930005957893,-3.221964644100532,1.0
1504,0.13423303320369726,-3.924292734070799,1.0
1505,-0.6225637140411715,-3.7062662034745792,1.0
1506,0.8909553592199725,-1.2743340108273353,0.0
1507,-0.3454077239963156,-3.772640335090133,1.0
1508,0.9140620002835602,-4.884268481384096,1.0
1509,-0.0959638726542257,-0.49917449593027485,0.0
1510,0.3013969440448678,-0.517360199851942,0.0
1511,0.7216956306449748,-4.011483507025652,1.0
1512,-0.6838814732560644,0.4709745127443,0.0
1513,1.4556460855567852,-3.2306639687205037,1.0
1514,-0.21577039227189188,-4.403962670112241,1.0
1515,0.7505333251637436,-5.09807014973806,1.0
1516,0.7238583090284704,-3.4991822483687822,1.0
1517,1.0567596764519178,0.4524573981937456,0.0
1518,1.1252627776468804,-3.8364931308164705,1.0
1519,1.2190247975393247,-3.0157246723739997,1.0
1520,0.4278916255551769,-3.637556848968768,1.0
1521,0.5559349805802578,0.33484912837119946,0.0
1522,0.012637212805238175,0.05967267421842705,0.0
1523,-0.23966941755772508,0.22203353270851126,0.0
1524,-0.9857791761183654,-0.24364307775589913,0.0
1525,0.916813664493862,-3.4948002072630486,1.0
1526,-0.5326714485780676,-1.1884778809343561,0.0
1527,0.36307205044929997,0.5373335913307944,0.0
1528,0.948989092837641,-4.320991663265674,1.0
1529,1.1874279022147571,-4.332044509201075,1.0
1530,0.7920105330969407,-3.9454058018490636,1.0
1531,1.6179835196984538,-3.5956241831965707,1.0
1532,0.7754552108593469,-4.146029093576207,1.0
1533,0.5760286446899567,-0.24989944946201548,0.0
1534,1.4213195321784244,-3.481842003134423,1.0
1535,1.178268121227387,-3.420201085836864,1.0
1536,-0.2988194704153829,1.1577192322901915,0.0
1537,-0.21881612663501124,0.09402231316341837,0.0
1538,0.9708325614001353,-0.49464547279670074,0.0
1539,0.987714407696665,-4.570968318290128,1.0
1540,-0.28131851278007736,-1.3208647713003348,0.0
1541,0.5286786582597793,0.6197935167119674,0.0
1542,0.5209549935308319,-3.184318622480287,1.0
1543,0.3539278924407117,-0.21831528598247393,0.0
1544,-0.4177959923166497,-0.17423826048232005,0.0
1545,0.8408665476773112,-2.7291062007742575,1.0
1546,1.8581109713588524,-3.5607850024612473,1.0
1547,-0.1448026748718627,-0.5269142056860439,0.0
1548,-0.5213175281195713,0.39383445051558147,0.0
1549,-1.0454137186855383,-0.7819456524673895,0.0
1550,-0.9683387085347709,-0.12764416812838122,0.0
1551,-0.39144514943221204,-0.23457202511256064,0.0
1552,0.6461733031054409,-4.745165571512813,1.0
1553,0.9107485002437814,-3.628804526122201,1.0
1554,0.39958028764172265,-1.5207326772505378,0.0
1555,-0.624359538051087,-0.18936187403151492,0.0
1556,-0.8678526383899972,-0.271410165341455,0.0
1557,0.5214038056912567,0.11050875882212777,0.0
1558,0.06504930537541342,-4.372893246435393,1.0
1559,1.5517186335603999,-3.413444605348272,1.0
1560,0.3871077374177032,-3.3953992285178654,1.0
1561,1.0001165499415294,-4.810846511064094,1.0
1562,1.6083425044614004,-0.12048510839739934,0.0
1563,2.2393244780625126,-3.8996246424676038,1.0
1564,2.2245304296615327,-4.329393719977998,1.0
1565,-0.47537199708368694,-0.31896354480687295,0.0
1566,-1.2071281915468253,0.35382216334483435,0.0
1567,-0.5666210944945763,0.14286188869938726,0.0
1568,0.3624820442656105,-0.9777501616490629,0.0
1569,1.5010616173671087,-2.7500468452354796,1.0
1570,-0.25479798145971944,-0.4979787585227771,0.0
1571,1.581288885649389,-3.7093311589207114,1.0
1572,1.337701136326925,-3.610480624849959,1.0
1573,0.9138905618822295,-3.5263819972839596,1.0
1574,-0.06260609489681558,-0.5928011654962406,0.0
1575,0.11487052321434707,0.5283067195062663,0.0
1576,0.9134242133202641,-3.41816540449481,1.0
1577,2.346415397221172,-4.411382491160973,1.0
1578,1.438957010231422,-3.1984686513008356,1.0
1579,-0.9497630384010491,0.3662276274643231,0.0
1580,1.7163246110419395,-3.258688321110033,1.0
1581,-0.23092788550876525,0.0566109535902444,0.0
1582,1.7558970914050915,-4.619790632919349,1.0
1583,1.1950808391104308,-4.041479267886103,1.0
1584,1.1142654266077678,-3.763551498183606,1.0
1585,0.26631793964725536,0.2002045964245601,0.0
1586,1.347229417091147,-3.600534967515811,1.0
1587,0.06294429905130763,0.08034775356928554,0.0
1588,1.5026293300530658,-5.018969177853931,1.0
1589,1.9529092886184531,-3.772190024106396,1.0
1590,1.3317678298226139,-4.351471185635957,1.0
1591,3.2255105730941755,-3.587147929452326,1.0
1592,2.0263351031147803,-3.24082290859344,1.0
1593,0.3259871348325118,0.2634257746032255,0.0
1594,0.3908681999113939,-2.7595236504812384,1.0
1595,0.7400590476209575,-3.905799261542321,1.0
1596,-0.35353739190608985,-0.26907900372243554,0.0
1597,0.31263892587165515,-0.34547278188783964,0.0
1598,0.24399425248012868,0.7210187134005038,0.0
1599,1.743381376634666,-3.0623820601237837,1.0
1600,1.877533418881566,-3.737641593401286,1.0
1601,1.3084609931589357,-3.921675918663489,1.0
1602,1.2800659915324175,-4.4511860776133485,1.0
1603,0.9258246558097871,-3.6906779240582193,1.0
1604,0.23421896610517343,0.9531184146585194,0.0
1605,0.8055732063062119,-0.44396151177915577,0.0
1606,2.6224624505156955,-4.119529500021519,1.0
1607,-0.2733195021104059,0.010487495415034036,0.0
1608,0.5605078490998349,-0.8349031616425318,0.0
1609,2.3149170798857406,-4.684572670318642,1.0
1610,-0.5808492705987468,0.28624085541411914,0.0
1611,1.682091406970468,-3.863975740771398,1.0
1612,1.0114753815955821,-0.9888277238197078,0.0
1613,2.4899306873335263,-4.328106570908877,1.0
1614,2.311362052430679,-4.095798309009798,1.0
1615,-0.3675754433249614,-0.493696994576569,0.0
1616,0.13455133257940913,-1.0072130176971938,0.0
1617,-0.6273147342416795,-0.6509136356768671,0.0
1618,1.8509755320918386,-3.7118042727618663,1.0
1619,1.9017211807682972,-3.092845090953694,1.0
1620,2.2243283286339497,-3.2936821833328005,1.0
1621,1.0344072540078486,-3.356608807333832,1.0
1622,1.8126425119085576,-3.790658838045546,1.0
1623,0.5132477340261166,-3.708996928715549,1.0
1624,1.1264629932889916,-3.3684050450566887,1.0
1625,0.9734758265462434,-3.151543269327864,1.0
1626,1.3026422709251468,-3.34182928492708,1.0
1627,0.40234227018654595,-0.42450341850634615,0.0
1628,-0.40063217181563965,0.1961775572426744,0.0
1629,-0.017117321900649837,-0.194838159049776,0.0
1630,1.0094795790243576,-3.030139857957404,1.0
1631,1.486086269361578,-3.8684359555237164,1.0
1632,0.05952291751890146,0.9457793835766306,0.0
1633,1.9065912576697508,-2.8137872256537215,1.0
1634,-0.8190977263351013,1.1682591856922147,0.0
1635,2.22657336323468,-3.433952985018152,1.0
1636,1.7511370417365801,-3.4741022039774108,1.0
1637,2.3326537308243998,-3.7988084540442224,1.0
1638,0.2736918214962332,-0.21454741918115874,0.0
1639,2.277453451369505,-4.38996781998216,1.0
1640,0.3642670031496275,-0.6289022440952838,0.0
1641,1.699617416955697,-3.698929431222643,1.0
1642,0.5069973618005023,-0.4053562965780378,0.0
1643,0.7728561914283065,-3.8714842102280063,1.0
1644,2.572272361712426,-3.5707842801703613,1.0
1645,3.148472099128657,-2.829021866109003,1.0
1646,0.09951811359212238,0.797484769647332,0.0
1647,3.0720929329545474,-2.4203793141276586,1.0
1648,2.091367645252195,-2.7959154083374544,1.0
1649,2.304221821731442,-4.260718719953893,1.0
1650,0.6240517470322219,0.09878628571583857,0.0
1651,0.3616245938575977,-0.3567898618322432,0.0
1652,1.652995701592539,-2.9334507471160505,1.0
1653,-0.38830885910865637,0.28334829005270923,0.0
1654,-0.6801556953830753,0.5980557856918893,0.0
1655,-0.19496097499229947,-0.4267838158456731,0.0
1656,-0.37501643441080273,-0.23423561639130483,0.0
1657,0.17160751618687078,0.5871403784676258,0.0
1658,1.5293518436304603,-3.323378635438156,1.0
1659,2.6256426897635694,-2.645708827001547,1.0
1660,-0.1335634085689923,-0.5478475308250778,0.0
1661,-0.5944025583762895,-0.6016011524218745,0.0
1662,0.16270211078238653,-0.48089813123662484,0.0
1663,2.470678142492943,-4.390708012720935,1.0
1664,-0.8238255305705371,-0.6406452066114638,0.0
1665,-0.2781575847876565,0.2888888842640773,0.0
1666,0.1157183733302316,-0.6942103684895207,0.0
1667,3.549045330730629,-2.9548425383850843,1.0
1668,1.5949473463413324,-3.194565808425012,1.0
1669,2.5971821391939973,-2.9696805493861627,1.0
1670,-0.0688651948624789,0.18525074510196787,0.0
1671,3.4047935343142743,-3.3050561901571096,1.0
1672,0.19029637577561326,0.31202436874252065,0.0
1673,2.639142164913854,-2.7952460844257185,1.0
1674,3.152864726930174,-3.8592199818953823,1.0
1675,-0.31357164983908675,0.6257865567878256,0.0
1676,-0.10185497634149128,-0.08047966966105206,0.0
1677,3.1579213183880266,-3.6841254026887187,1.0
1678,-0.7622909990914402,0.5816380248948066,0.0
1679,-0.4881575982567042,-0.3129849059823714,0.0
1680,2.0826735565067485,-2.2451735321492263,1.0
1681,0.27969985562041844,-0.22214546442260574,0.0
1682,2.2163250740287324,-3.2702935801921584,1.0
1683,-0.1249710618569978,0.944622742485343,0.0
1684,2.155867241741886,-4.149143739908091,1.0
1685,1.537895289509481,-2.9726762586854276,1.0
1686,3.170658877714252,-3.8496172790866714,1.0
1687,-0.44981420682173795,0.019685248568227082,0.0
1688,0.23760402759698715,-0.6558369052383034,0.0
1689,-0.22209849870822151,-0.5755532355843529,0.0
1690,-0.5452579475754319,-0.2545905725867409,0.0
1691,2.053608693149359,-1.94016171448774,1.0
1692,2.54957163530145,-2.7162689213654936,1.0
1693,2.7764423853348887,-4.2971030451075745,1.0
1694,0.24053140746247267,-0.005794341919745007,0.0
1695,1.6460883958516401,-3.5537411255259057,1.0
1696,3.6721493989698204,-3.388800931565693,1.0
1697,2.5943058563389263,-3.64576961390728,1.0
1698,0.6007986104080377,0.358327502642055,0.0
1699,0.0592004722894774,0.11830863311842044,0.0
1700,2.6559337929791074,-3.307144166003315,1.0
1701,-0.1435779546854065,-0.14807613467325106,0.0
1702,0.2722691475814104,-1.0978442466027187,0.0
1703,-0.6040990513793902,1.0089460297603965,0.0
1704,-0.4127025666172094,-0.7284464418564723,0.0
1705,3.6700094221351556,-2.3876960460329606,1.0
1706,1.5423785085255342,-3.4913733964053,1.0
1707,3.8007236591280273,-3.3442380307404296,1.0
1708,0.17850861237296753,0.02641336570520878,0.0
1709,-0.33986391223933154,-0.18461476642020105,0.0
1710,2.4773554152142006,-2.39941132512579,1.0
1711,2.918595600549503,-3.308154932892351,1.0
1712,0.15059886960499436,0.6328547551081697,0.0
1713,0.2778781975911642,0.16745745863547204,0.0
1714,0.6325067453633536,0.5705002182022797,0.0
1715,2.771442373900022,-3.071592320853769,1.0
1716,2.6511945088256024,-3.1059584487755116,1.0
1717,1.1537652158882308,0.8883088748606546,0.0
1718,2.8196707582750147,-2.6448079052795967,1.0
1719,2.219123762113469,-3.019434556337291,1.0
1720,0.2961864525149183,0.29220919558822767,0.0
1721,3.0831886138877107,-3.4056770104031178,1.0
1722,1.8302453097933895,-2.751982037117883,1.0
1723,-0.57428848389061,-0.8090545914730205,0.0
1724,1.407988218315937,-0.767496664216955,0.0
1725,3.582463260780115,-3.5506680170707865,1.0
1726,0.040495354344484084,0.009802850467735496,0.0
1727,-0.8251106875903444,0.30059533930796795,0.0
1728,2.340495287321305,-2.5565287691978473,1.0
1729,0.7563413070252896,-0.06023610204081961,0.0
1730,2.7341614308774655,-2.3483231442650316,1.0
1731,3.3148489199200033,-2.2726690059059886,1.0
1732,3.08894910014506,-2.2301059724216907,1.0
1733,-0.6626300036570704,0.03129904755658464,0.0
1734,3.184372899033859,-2.83137786690522,1.0
1735,-0.22150910276546615,-0.14362750654555584,0.0
1736,4.127630916912282,-3.4831888153210184,1.0
1737,0.019853850683256118,-0.5124967564886127,0.0
1738,-0.24356503631309004,0.43462110292197864,0.0
1739,3.588439746375596,-3.4939183374924108,1.0
1740,1.515820944213599,1.06195283291804,0.0
1741,0.6411056395896054,-0.2720314823108326,0.0
1742,1.206754008877882,-0.026757255873514216,0.0
1743,2.910055954076761,-2.395067600156265,1.0
1744,4.264748215255462,-2.2651425054425687,1.0
1745,0.9367677593734842,-0.5641621415743229,0.0
1746,0.7678872123768131,-0.5315798892245717,0.0
1747,-0.5161574711745113,0.19698077700045322,0.0
1748,0.5503329252695136,-0.03422572059731289,0.0
1749,0.46250217624296197,0.14590092924149503,0.0
1750,-0.2250882699967703,-0.7357177150698114,0.0
1751,0.795876985419416,-0.5787638545237583,0.0
1752,3.8029745748889576,-3.915504016733399,1.0
1753,3.0057950475601167,-2.740612461570088,1.0
1754,3.9984571427313274,-2.8327254688802346,1.0
1755,0.05194990809925145,0.8515530275465707,0.0
1756,3.4950158439181784,-1.7917018811410206,1.0
1757,-0.10407833824372748,-0.30601772385337017,0.0
1758,3.1673910386768687,-2.801080347901769,1.0
1759,-0.20651787388042872,-0.151626403224964,0.0
1760,3.349643284144575,-2.788942952060308,1.0
1761,2.7461132190346973,-2.44902067227507,1.0
1762,3.3737377269057243,-3.3091428526830358,1.0
1763,1.1430381843360105,-0.008866331795906866,0.0
1764,0.33247654699606183,-0.40207553863637785,0.0
1765,3.466085549572566,-2.0848911373297097,1.0
1766,2.8211595356842367,-2.6820281732867426,1.0
1767,2.6383571647554307,-2.725527669823646,1.0
1768,0.298831442809714,-0.01571534240655029,0.0
1769,3.428306938442642,-3.108130133506381,1.0
1770,2.7533180622752944,-2.647841208976598,1.0
1771,4.434330664841679,-2.736462809142815,1.0
1772,2.650641293083941,-2.1268317506333037,1.0
1773,0.24233761250158428,1.1620274774415311,0.0
1774,3.8376500553860495,-3.2440649621319997,1.0
1775,-0.20320931126723854,1.2208575264126922,0.0
1776,-0.02144564012890409,0.20160944559719526,0.0
1777,4.8136156465458235,-2.0922355432552364,1.0
1778,-0.8224559895258363,0.519391753689512,0.0
1779,-0.05907151465525938,-0.39808697181726443,0.0
1780,-0.9289525937094254,0.3191847834043148,0.0
1781,0.5049787584441818,-0.14967514809656932,0.0
1782,0.48123104324430954,-1.1079191889988038,0.0
1783,-0.8770396129568448,-0.41006386007320905,0.0
1784,1.9025848639741076,0.11369978252874807,0.0
1785,0.4033768542074613,0.24447710174466625,0.0
1786,0.013114414931922823,0.025523444417874432,0.0
1787,3.1491916963457074,-2.3099202254604134,1.0
1788,-0.6884811914466614,-0.26269202684666043,0.0
1789,0.21868874954430334,0.882793173685403,0.0
1790,-0.39137615996101144,-0.3127135873806665,0.0
1791,3.7044455428717247,-1.7214792556169498,1.0
1792,2.815021610457274,-1.916124167177902,1.0
1793,0.3229977619657061,-0.08546725050562162,0.0
1794,3.7911588533531093,-1.6807781831215896,1.0
1795,3.431197424334879,-1.958807862071587,1.0
1796,-0.06101836473292296,0.011567630707846329,0.0
1797,3.557250186958134,-2.013754234869955,1.0
1798,-0.6627699585158825,-0.018561754364375363,0.0
1799,-0.6937094590931476,0.468718861025996,0.0
1800,-0.30655570873935784,0.4648369914402972,0.0
1801,2.829902305363018,-2.4713448693158746,1.0
1802,2.925149738953245,-2.343763080903308,1.0
1803,0.5400325456584434,1.0813453378743283,0.0
1804,4.660160034709966,-2.310207061920462,1.0
1805,0.161414443905748,0.31495071818752957,0.0
1806,3.4264749967752715,-0.5784135335719187,1.0
1807,2.5075536236086995,-1.3089893638872736,1.0
1808,-0.293835013423816,-0.1675780015670233,0.0
1809,3.6568447748122184,-2.3129520368659944,1.0
1810,3.2872532092712197,-0.6365464305044046,1.0
1811,0.2992141649458965,0.6287832935808316,0.0
1812,-0.23289251548934975,-0.035956801602654374,0.0
1813,-0.607064450463293,0.0509808822226246,0.0
1814,-0.2804646057755438,-0.5160920309547979,0.0
1815,0.30434337066576916,-0.06973782023228946,0.0
1816,-0.5666677535509502,-0.24602981592152906,0.0
1817,0.21950927275011492,0.7786951601841513,0.0
1818,3.6597705437946737,-2.271432665554884,1.0
1819,3.2594919081299194,-2.0037758733345545,1.0
1820,4.32255209399645,-1.7994319623324617,1.0
1821,2.9385186779345345,-2.5302800114855506,1.0
1822,-1.2184106806688966,1.2386957168155917,0.0
1823,2.9409514854188967,-2.485386522702482,1.0
1824,-0.24736305276272574,-0.24207551005248074,0.0
1825,-0.7515560049019914,-0.3517920151266794,0.0
1826,3.639719483510561,-1.7687192615240845,1.0
1827,-0.027067982216000888,0.047473034357721045,0.0
1828,-0.11103220260560491,-0.48458909256981336,0.0
1829,4.148901713607386,-2.3842301322795847,1.0
1830,2.530814248225797,-2.3109618575662547,1.0
1831,0.25068034992364885,-0.7441298018446622,0.0
1832,3.5097254542417433,-1.821217493056378,1.0
1833,-0.5115515083023882,0.013775853364770866,0.0
1834,-0.44452002252244355,-0.364974690048897,0.0
1835,0.13683199507444033,0.12088796802265972,0.0
1836,4.058714960184814,-0.4975918916138058,1.0
1837,-0.4034762686655706,-0.21573189692432476,0.0
1838,1.1800583831608438,-0.1177403789661252,0.0
1839,2.4296475764389767,-1.7889407156450623,1.0
1840,3.195081342080549,-1.6230536842473557,1.0
1841,0.17922819599520537,0.5463874033379822,0.0
1842,-1.094553993562698,0.18216234267720086,0.0
1843,3.1101453290510124,-1.3468862025596666,1.0
1844,-0.4904958585697359,-0.8408083758235863,0.0
1845,-0.20874728959569155,0.09380938146238803,0.0
1846,0.1064556853522517,-0.2410685617249571,0.0
1847,0.011176422396813273,0.6325949849424466,0.0
1848,3.7114469253853755,-1.553492097910802,1.0
1849,-1.0107103532549297,0.48393826073775575,0.0
1850,4.076716304407286,-1.6092388457161402,1.0
1851,3.957178264828648,-1.594864904501326,1.0
1852,0.14805961438798235,0.9155745365308849,0.0
1853,4.426077923602363,-1.1439855106312025,1.0
1854,-0.24020928900805402,-0.8833937570798938,0.0
1855,3.3080593008720713,-2.395923630852785,1.0
1856,-0.8887475773183791,-0.7635348810193902,0.0
1857,4.504631226213151,-1.7024493663065081,1.0
1858,-0.02356969093649736,-0.7008560986447184,0.0
1859,3.704948640124499,-2.3885386690903196,1.0
1860,-0.1345553605509842,-0.18134983827304202,0.0
1861,0.006209588739779612,0.4320202556049917,0.0
1862,-0.9757931626960981,-0.08089347065661244,0.0
1863,-0.4619496446671898,0.32354951477509036,0.0
1864,-0.5834417336114985,0.8077326439333801,0.0
1865,-0.5476933352664951,0.6702097728575117,0.0
1866,0.12755222786252196,0.9282188981945066,0.0
1867,3.470212122269376,-2.807831036272953,1.0
1868,3.975594453852737,-1.2843429735853722,1.0
1869,2.8203237494857616,-0.8861913692747634,1.0
1870,-0.07914518386798024,0.2428570872242985,0.0
1871,3.1499167247053705,-1.0397725117137229,1.0
1872,-0.5993092776572209,-0.4440820744437081,0.0
1873,0.7349223385161958,0.03891366380614571,0.0
1874,-0.5898709102474246,-0.5389931828592096,0.0
1875,0.8966907266948213,-1.2419910150081195,0.0
1876,0.9601606912492554,-0.11330086813067028,0.0
1877,-0.14521189792213168,0.9109567022134232,0.0
1878,2.619563419378487,-1.697104914151019,1.0
1879,3.1577967573618073,-2.0229743815222223,1.0
1880,3.646871589527712,-1.0542605925705666,1.0
1881,0.4650139579345021,0.2597025728999964,0.0
1882,-1.0784734826201385,-0.6380597628927641,0.0
1883,4.529202590700338,-1.431295653020052,1.0
1884,4.203946643981007,-2.559022343339688,1.0
1885,-0.288145225042934,-0.313950566030937,0.0
1886,-0.7802080993310034,-0.48231024241891196,0.0
1887,3.3927789779624447,-1.6629768519802768,1.0
1888,-0.6613381145442544,-0.014729654185427422,0.0
1889,-0.0780641725162224,0.056371937631341226,0.0
1890,0.6703831893219987,-0.31134012265491123,0.0
1891,3.7381682074254377,-1.469941345733055,1.0
1892,-0.4584863543438658,-0.8626748842809471,0.0
1893,4.181908521862894,-0.18833271088809522,1.0
1894,-0.24074082594670945,-0.4800494856507607,0.0
1895,4.627693677768904,-1.413240736303815,1.0
1896,-0.06629364303955669,-0.9964198871215579,0.0
1897,3.800824242408601,-0.8276517030969135,1.0
1898,4.622767318499816,-1.0399297430576946,1.0
1899,0.4876044252654254,0.3523556276398956,0.0
1900,4.2355390604553245,-1.171815161191022,1.0
1901,3.7040524023049377,-2.1343734789441076,1.0
1902,4.497679806793315,-1.5604633674238317,1.0
1903,0.005176739350545793,0.3162025250727958,0.0
1904,3.583726477802505,-1.142222708485332,1.0
1905,4.954359918782376,-1.7127964819456543,1.0
1906,0.178039903496468,0.4979916954486619,0.0
1907,-0.34158723208211106,0.1619426129644568,0.0
1908,3.8256486403169196,-2.0687347226919166,1.0
1909,-0.48788776922667243,-1.0357695613990061,0.0
1910,0.32446415118023414,-1.0908465782301418,0.0
1911,4.495143344476906,-0.0827426565561481,1.0
1912,-0.28158644176746406,0.525417407267704,0.0
1913,0.46449636589128984,-0.4646753812624955,0.0
1914,0.8187191088614828,-0.41366951072996255,0.0
1915,4.342794664833157,-1.461931246025685,1.0
1916,-0.03698283130332885,-0.8596412939604648,0.0
1917,4.544126756472854,-1.032861571312384,1.0
1918,3.442165376471658,-1.5748897133717992,1.0
1919,-0.12173810446000023,-0.06592966758558827,0.0
1920,-0.010212248316864356,0.22749104133304907,0.0
1921,-0.8897300145444255,-0.7856472877986085,0.0
1922,4.2393642291393405,-0.491610450671801,1.0
1923,-0.3196216751877327,0.6544498406607,0.0
1924,4.038553051285092,-0.3687688405818314,1.0
1925,0.34037416671160164,-0.1336050603090927,0.0
1926,0.13030777958296808,0.046926708655291305,0.0
1927,3.0973436519111517,-0.331952422143785,1.0
1928,3.055130928995879,-1.7186408764764964,1.0
1929,4.344078226474422,-0.4116336880405164,1.0
1930,4.13663787414987,0.14253470086158715,1.0
1931,4.347435676784336,0.2385837427801708,1.0
1932,3.107254091456012,-0.3206798723009751,1.0
1933,0.1647098146343637,-0.5345490497973168,0.0
1934,4.307935435963606,-0.12723021967995607,1.0
1935,3.851898085292325,-0.3775909456594746,1.0
1936,0.12436244818417118,0.18463954480765918,0.0
1937,3.8620727901987895,0.11466772119377089,1.0
1938,0.25255097050539393,0.14796131175680066,0.0
1939,1.0443776675371985,-0.1760910329336265,0.0
1940,3.2013260557199184,-0.2682132163821982,1.0
1941,-0.3815076470273286,0.4058599769678998,0.0
1942,4.184472933136721,-1.1456028816188872,1.0
1943,4.095520992967419,-1.5141373896164931,1.0
1944,4.070322487322828,-0.44733656449939074,1.0
1945,0.8936135772446882,0.3127822489654282,0.0
1946,3.977628151645342,0.6040062902273959,1.0
1947,0.5620454781211542,0.8473966236224658,0.0
1948,0.5371561637339579,0.8249784398357939,0.0
1949,-0.38059325620857815,-0.21764469959228286,0.0
1950,3.775787748437764,-0.1817021873278868,1.0
1951,-0.6001292084337388,-0.9268626580665669,0.0
1952,1.0433236064727065,0.5966366347892993,0.0
1953,4.060404693712959,-1.1914614821260896,1.0
1954,-0.42282016551374024,0.5659564349816968,0.0
1955,3.366827737986701,-0.6838619414016758,1.0
1956,0.35962162351337823,-0.15379013621378565,0.0
1957,0.5618391261314757,-0.3153843558611638,0.0
1958,0.8408068987751758,-0.24622907619472234,0.0
1959,0.9119969164594636,1.0317535844497168,0.0
1960,4.108096485719244,-0.7714037476053741,1.0
1961,-0.1241668263343746,-0.40685727647174813,0.0
1962,3.741439705327695,0.6954151099683088,1.0
1963,3.6824150351061453,-1.5331577686043543,1.0
1964,-0.48337590452362067,-0.6709871545929793,0.0
1965,3.9031441276388805,-1.086866366872774,1.0
1966,0.6182629604493628,-1.228394167834777,0.0
1967,4.242515877765107,0.05797589916379847,1.0
1968,4.676384163553899,-0.14771835491371904,1.0
1969,0.2822598869078891,0.1868682429324933,0.0
1970,3.587736693743801,0.07016161887318076,1.0
1971,4.411443741270411,-0.3297024123130383,1.0
1972,4.17359144492535,0.3295048697846598,1.0
1973,-0.6001982093722232,1.004391424206426,0.0
1974,0.572513748539259,0.32648685141480477,0.0
1975,0.8343203802443628,-0.9848091652938175,0.0
1976,0.1434873483922722,0.8387377566520412,0.0
1977,4.1875921146787745,0.7524285991395127,1.0
1978,-1.0611230704062184,0.21328907564626143,0.0
1979,3.5520857643320953,-0.3629020031865202,1.0
1980,-0.28201972962052485,-0.13003888234532318,0.0
1981,0.41962829015269026,-0.6367333724675455,0.0
1982,4.379366230899565,0.8769444804178096,1.0
1983,0.5618674354986695,-0.02105710612180223,0.0
1984,0.49881063479086096,0.29278360959780275,0.0
1985,-0.6834049158701792,-0.7286408297755554,0.0
1986,-0.39475565552207714,0.5813295831378305,0.0
1987,-0.31294780679602385,-0.7108119542469312,0.0
1988,4.359280032147298,-0.5364992107164772,1.0
1989,0.5260360642142714,-1.0961468269827106,0.0
1990,0.5528450386863487,0.2764886862892983,0.0
1991,0.841706844060146,0.2015068328431878,0.0
1992,4.733410012460547,-1.302220488668081,1.0
1993,2.6417247046532477,0.19985421862781833,1.0
1994,-0.2504864099310204,-0.6584979928621468,0.0
1995,4.009894892188519,-0.7330658008168641,1.0
1996,0.49522333925250883,-0.17899390139750024,0.0
1997,-0.39513178008300226,-0.3085403795639933,0.0
1998,0.5577030668877169,0.34933475483875454,0.0
1999,0.6354163526651798,-0.6135386347564113,0.0
